2025-12-29 06:15:35,784 - Knowledge - INFO - Created shared MongoDB connection pool
2025-12-29 06:15:36,106 - Knowledge - INFO - Starting Knowledge Graph processing with 20 threads
2025-12-29 06:15:36,309 - Knowledge - INFO - Initial configuration: chunk_size=65536, max_cache_size=500
2025-12-29 06:15:36,474 - Knowledge - INFO - Knowledge Graph concurrency configuration: workers=20, max_batch_size=10, max_concurrent_llm_calls=50
2025-12-29 06:15:38,025 - Knowledge - INFO - 🔍 _load_persisted_knowledge called - checking for Redis optimization
2025-12-29 06:15:38,208 - Knowledge - WARNING - ❌ load_from_redis method not found - Redis support not attached
2025-12-29 06:15:38,403 - Knowledge - INFO - load persisted knowledge: begin
2025-12-29 06:15:38,595 - Knowledge - INFO - Loaded 0 files from persisted knowledge
2025-12-29 06:15:38,768 - Knowledge - INFO - load persisted knowledge: end
2025-12-29 06:15:38,936 - Knowledge - WARNING - No persisted knowledge found. Files will be queued during start()
2025-12-29 06:15:39,146 - Knowledge - INFO - Redis support added with prefix knowledge:b3381ao:
2025-12-29 06:15:39,827 - Knowledge - INFO - Starting knowledge initialization for ID: kTw7Pw-b3381ao
2025-12-29 06:15:39,977 - Knowledge - INFO - 🔍 Checking Redis for build_id: b3381ao
2025-12-29 06:15:40,172 - Knowledge - INFO - 🔍 Full session ID: kTw7Pw-b3381ao
2025-12-29 06:15:40,396 - Knowledge - INFO - 🔍 Redis prefix will be: knowledge:b3381ao:
2025-12-29 06:15:40,588 - Knowledge - INFO - 🔍 Using attached load_from_redis() method
2025-12-29 06:15:40,748 - Knowledge - INFO - 🔍 Attempting to load knowledge from Redis...
2025-12-29 06:15:40,919 - Knowledge - INFO - 🔍 Using derived instance_id for Redis lookup: b3381ao
2025-12-29 06:15:41,102 - Knowledge - WARNING - ❌ No Redis cache found
2025-12-29 06:15:41,312 - Knowledge - INFO - 📁 Loading knowledge from disk...
2025-12-29 06:15:41,500 - Knowledge - INFO - load persisted docinfo: begin
2025-12-29 06:15:41,672 - Knowledge - INFO - load persisted docinfo: end
2025-12-29 06:15:41,839 - Knowledge - INFO - 🔍 _load_persisted_knowledge called - checking for Redis optimization
2025-12-29 06:15:42,001 - Knowledge - INFO - ✅ load_from_redis method found - attempting Redis load
2025-12-29 06:15:42,178 - Knowledge - INFO - 🔍 Attempting to load knowledge from Redis...
2025-12-29 06:15:42,336 - Knowledge - INFO - 🔍 Using derived instance_id for Redis lookup: b3381ao
2025-12-29 06:15:42,494 - Knowledge - WARNING - ❌ No Redis cache found
2025-12-29 06:15:42,681 - Knowledge - INFO - ❌ Redis load returned False - falling back to file loading
2025-12-29 06:15:42,867 - Knowledge - INFO - load persisted knowledge: begin
2025-12-29 06:15:43,071 - Knowledge - INFO - Loaded 0 files from persisted knowledge
2025-12-29 06:15:43,282 - Knowledge - INFO - load persisted knowledge: end
2025-12-29 06:15:43,422 - Knowledge - INFO - 📁 Disk load complete in 1.96s
2025-12-29 06:15:43,659 - Knowledge - INFO - Populating ingest queue with source files...
2025-12-29 06:15:44,183 - Knowledge - INFO - Added 178 files from /app/data/T0015/301866/b3381ao/ARNavigation to ingest queue
2025-12-29 06:15:44,372 - Knowledge - INFO - [WEBSOCKET] Sent: Type=progress_update, Size: 160, Duration: 0ms
2025-12-29 06:15:44,565 - Knowledge - INFO - Worker kw1 created using shared MongoDB connection pool
2025-12-29 06:15:44,741 - Knowledge - INFO - knowledge worker kw1 start
2025-12-29 06:15:44,741 - Knowledge - INFO - Worker kw2 created using shared MongoDB connection pool
2025-12-29 06:15:44,906 - Knowledge - INFO - [kw1] Queue=178, InProgress=0, PendingWorkers=0/1, Completed=0/178 (0.0%)
2025-12-29 06:15:45,017 - Knowledge - INFO - knowledge worker kw2 start
2025-12-29 06:15:45,018 - Knowledge - INFO - Worker kw3 created using shared MongoDB connection pool
2025-12-29 06:15:45,097 - Knowledge - INFO - Batch sizing: calculated=5, max_allowed=10, queue=178, active_workers=0/2
2025-12-29 06:15:45,199 - Knowledge - INFO - [kw2] Queue=178, InProgress=0, PendingWorkers=0/2, Completed=0/178 (0.0%)
2025-12-29 06:15:45,322 - Knowledge - INFO - knowledge worker kw3 start
2025-12-29 06:15:45,323 - Knowledge - INFO - Worker kw4 created using shared MongoDB connection pool
2025-12-29 06:15:45,400 - Knowledge - INFO - Worker kw1 processing /app/data/T0015/301866/b3381ao/ARNavigation/ARNavigation1/Assets/Standard Assets/Effects/ToonShading/Materials/ToonBasicOutline.mat
2025-12-29 06:15:45,526 - Knowledge - INFO - Batch sizing: calculated=5, max_allowed=10, queue=178, active_workers=1/3
2025-12-29 06:15:45,638 - Knowledge - INFO - [kw3] Queue=173, InProgress=0, PendingWorkers=1/3, Completed=0/178 (0.0%)
2025-12-29 06:15:45,716 - Knowledge - INFO - knowledge worker kw4 start
2025-12-29 06:15:45,716 - Knowledge - INFO - Worker kw5 created using shared MongoDB connection pool
2025-12-29 06:15:45,797 - Knowledge - INFO - Fast-tracked /app/data/T0015/301866/b3381ao/ARNavigation/ARNavigation1/Assets/Standard Assets/Effects/ToonShading/Materials/ToonBasicOutline.mat (ext=.mat, size=1448)
2025-12-29 06:15:45,928 - Knowledge - INFO - Worker kw2 processing /app/data/T0015/301866/b3381ao/ARNavigation/ARNavigation1/Assets/Standard Assets/Effects/TessellationShaders/Materials/TesselatedBumpSpecular.mat
2025-12-29 06:15:46,057 - Knowledge - INFO - Batch sizing: calculated=5, max_allowed=10, queue=173, active_workers=2/4
2025-12-29 06:15:46,138 - Knowledge - INFO - [kw4] Queue=168, InProgress=0, PendingWorkers=2/4, Completed=0/178 (0.0%)
2025-12-29 06:15:46,239 - Knowledge - INFO - knowledge worker kw5 start
2025-12-29 06:15:46,239 - Knowledge - INFO - Worker kw6 created using shared MongoDB connection pool
2025-12-29 06:15:46,366 - Knowledge - INFO - Worker kw1 processing /app/data/T0015/301866/b3381ao/ARNavigation/ARNavigation1/Assets/Standard Assets/Effects/ToonShading/Materials/ToonBasic.mat
2025-12-29 06:15:46,476 - Knowledge - INFO - Fast-tracked /app/data/T0015/301866/b3381ao/ARNavigation/ARNavigation1/Assets/Standard Assets/Effects/TessellationShaders/Materials/TesselatedBumpSpecular.mat (ext=.mat, size=1257)
2025-12-29 06:15:46,586 - Knowledge - INFO - Worker kw3 processing /app/data/T0015/301866/b3381ao/ARNavigation/ARNavigation1/Assets/Standard Assets/Effects/Projectors/Materials/ShadowProjector.mat
2025-12-29 06:15:46,668 - Knowledge - INFO - Batch sizing: calculated=5, max_allowed=10, queue=168, active_workers=3/5
2025-12-29 06:15:46,781 - Knowledge - INFO - [kw5] Queue=163, InProgress=0, PendingWorkers=3/5, Completed=0/178 (0.0%)
2025-12-29 06:15:46,840 - Knowledge - INFO - knowledge worker kw6 start
2025-12-29 06:15:46,840 - Knowledge - INFO - Worker kw7 created using shared MongoDB connection pool
2025-12-29 06:15:46,924 - Knowledge - INFO - Fast-tracked /app/data/T0015/301866/b3381ao/ARNavigation/ARNavigation1/Assets/Standard Assets/Effects/ToonShading/Materials/ToonBasic.mat (ext=.mat, size=1442)
2025-12-29 06:15:47,024 - Knowledge - INFO - Worker kw2 processing /app/data/T0015/301866/b3381ao/ARNavigation/ARNavigation1/Assets/Standard Assets/Effects/TessellationShaders/Materials/TesselatedBumpSpecularSmooth.mat
2025-12-29 06:15:47,104 - Knowledge - INFO - Worker kw3 processing /app/data/T0015/301866/b3381ao/ARNavigation/ARNavigation1/Assets/Standard Assets/Effects/Projectors/Materials/GridProjector.mat
2025-12-29 06:15:47,221 - Knowledge - INFO - Worker kw4 processing /app/data/T0015/301866/b3381ao/ARNavigation/ARNavigation1/Assets/Standard Assets/Utility/DynamicShadowSettings.cs
2025-12-29 06:15:47,298 - Knowledge - INFO - Batch sizing: calculated=5, max_allowed=10, queue=163, active_workers=4/6
2025-12-29 06:15:47,377 - Knowledge - INFO - [kw6] Queue=158, InProgress=0, PendingWorkers=4/6, Completed=0/178 (0.0%)
2025-12-29 06:15:47,491 - Knowledge - INFO - knowledge worker kw7 start
2025-12-29 06:15:47,491 - Knowledge - INFO - Worker kw8 created using shared MongoDB connection pool
2025-12-29 06:15:47,577 - Knowledge - INFO - Worker kw1 processing /app/data/T0015/301866/b3381ao/ARNavigation/ARNavigation1/Assets/Standard Assets/Effects/ToonShading/Materials/ToonLitOutline.mat
2025-12-29 06:15:47,667 - Knowledge - INFO - Fast-tracked /app/data/T0015/301866/b3381ao/ARNavigation/ARNavigation1/Assets/Standard Assets/Effects/TessellationShaders/Materials/TesselatedBumpSpecularSmooth.mat (ext=.mat, size=1233)
2025-12-29 06:15:47,758 - Knowledge - INFO - Worker kw3 processing /app/data/T0015/301866/b3381ao/ARNavigation/ARNavigation1/Assets/Standard Assets/Effects/Projectors/Guidelines.txt
2025-12-29 06:15:47,869 - Knowledge - INFO - Fast-tracked /app/data/T0015/301866/b3381ao/ARNavigation/ARNavigation1/Assets/Standard Assets/Utility/DynamicShadowSettings.cs (ext=.cs, size=1650)
2025-12-29 06:15:47,950 - Knowledge - INFO - Worker kw5 processing /app/data/T0015/301866/b3381ao/ARNavigation/ARNavigation1/Assets/Standard Assets/Utility/CameraRefocus.cs
2025-12-29 06:15:48,030 - Knowledge - INFO - Batch sizing: calculated=5, max_allowed=10, queue=158, active_workers=5/7
2025-12-29 06:15:48,150 - Knowledge - INFO - [kw7] Queue=153, InProgress=0, PendingWorkers=5/7, Completed=0/178 (0.0%)
2025-12-29 06:15:48,232 - Knowledge - INFO - knowledge worker kw8 start
2025-12-29 06:15:48,232 - Knowledge - INFO - Worker kw9 created using shared MongoDB connection pool
2025-12-29 06:15:48,332 - Knowledge - INFO - Fast-tracked /app/data/T0015/301866/b3381ao/ARNavigation/ARNavigation1/Assets/Standard Assets/Effects/ToonShading/Materials/ToonLitOutline.mat (ext=.mat, size=1662)
2025-12-29 06:15:48,422 - Knowledge - INFO - Worker kw2 processing /app/data/T0015/301866/b3381ao/ARNavigation/ARNavigation1/Assets/Standard Assets/Effects/LightFlares/Materials/Flare50mm.mat
2025-12-29 06:15:48,524 - Knowledge - INFO - Fast-tracked /app/data/T0015/301866/b3381ao/ARNavigation/ARNavigation1/Assets/Standard Assets/Effects/Projectors/Guidelines.txt (ext=.txt, size=577)
2025-12-29 06:15:48,643 - Knowledge - INFO - Worker kw4 processing /app/data/T0015/301866/b3381ao/ARNavigation/ARNavigation1/Assets/Standard Assets/Utility/EventSystemChecker.cs
2025-12-29 06:15:48,723 - Knowledge - INFO - Fast-tracked /app/data/T0015/301866/b3381ao/ARNavigation/ARNavigation1/Assets/Standard Assets/Utility/CameraRefocus.cs (ext=.cs, size=1335)
2025-12-29 06:15:48,806 - Knowledge - INFO - Worker kw6 processing /app/data/T0015/301866/b3381ao/ARNavigation/ARNavigation1/Assets/Standard Assets/Utility/ForcedReset.cs
2025-12-29 06:15:48,898 - Knowledge - INFO - Batch sizing: calculated=5, max_allowed=10, queue=153, active_workers=6/8
2025-12-29 06:15:48,977 - Knowledge - INFO - [kw8] Queue=148, InProgress=0, PendingWorkers=6/8, Completed=0/178 (0.0%)
2025-12-29 06:15:49,063 - Knowledge - INFO - knowledge worker kw9 start
2025-12-29 06:15:49,063 - Knowledge - INFO - Worker kw10 created using shared MongoDB connection pool
2025-12-29 06:15:49,177 - Knowledge - INFO - Worker kw1 processing /app/data/T0015/301866/b3381ao/ARNavigation/ARNavigation1/Assets/Standard Assets/Effects/ToonShading/Materials/ToonLit.mat
2025-12-29 06:15:49,293 - Knowledge - INFO - Fast-tracked /app/data/T0015/301866/b3381ao/ARNavigation/ARNavigation1/Assets/Standard Assets/Effects/LightFlares/Materials/Flare50mm.mat (ext=.mat, size=709)
2025-12-29 06:15:49,370 - Knowledge - INFO - Worker kw3 processing /app/data/T0015/301866/b3381ao/ARNavigation/ARNavigation1/Assets/Standard Assets/Effects/GlassRefraction/Materials/GlassRefractive.mat
2025-12-29 06:15:49,475 - Knowledge - INFO - Fast-tracked /app/data/T0015/301866/b3381ao/ARNavigation/ARNavigation1/Assets/Standard Assets/Utility/EventSystemChecker.cs (ext=.cs, size=542)
2025-12-29 06:15:49,572 - Knowledge - INFO - Worker kw5 processing /app/data/T0015/301866/b3381ao/ARNavigation/ARNavigation1/Assets/Standard Assets/Utility/WaypointCircuit.cs
2025-12-29 06:15:49,655 - Knowledge - INFO - Fast-tracked /app/data/T0015/301866/b3381ao/ARNavigation/ARNavigation1/Assets/Standard Assets/Utility/ForcedReset.cs (ext=.cs, size=489)
2025-12-29 06:15:49,729 - Knowledge - INFO - Worker kw7 processing /app/data/T0015/301866/b3381ao/ARNavigation/ARNavigation1/Assets/Standard Assets/Utility/SmoothFollow.cs
2025-12-29 06:15:49,801 - Knowledge - INFO - Batch sizing: calculated=5, max_allowed=10, queue=148, active_workers=7/9
2025-12-29 06:15:49,877 - Knowledge - INFO - [kw9] Queue=143, InProgress=0, PendingWorkers=7/9, Completed=0/178 (0.0%)
2025-12-29 06:15:49,979 - Knowledge - INFO - knowledge worker kw10 start
2025-12-29 06:15:49,980 - Knowledge - INFO - Worker kw11 created using shared MongoDB connection pool
2025-12-29 06:15:50,071 - Knowledge - INFO - Worker kw1 processing /app/data/T0015/301866/b3381ao/ARNavigation/ARNavigation1/Assets/Standard Assets/Effects/TessellationShaders/Materials/TesselatedBumpSpecularDisplacement.mat
2025-12-29 06:15:50,177 - Knowledge - INFO - Worker kw2 processing /app/data/T0015/301866/b3381ao/ARNavigation/ARNavigation1/Assets/Standard Assets/Effects/ImageEffects/Readme.txt
2025-12-29 06:15:50,253 - Knowledge - INFO - Fast-tracked /app/data/T0015/301866/b3381ao/ARNavigation/ARNavigation1/Assets/Standard Assets/Effects/GlassRefraction/Materials/GlassRefractive.mat (ext=.mat, size=1309)
2025-12-29 06:15:50,334 - Knowledge - INFO - Worker kw4 processing /app/data/T0015/301866/b3381ao/ARNavigation/ARNavigation1/Assets/Standard Assets/Utility/SimpleActivatorMenu.cs
2025-12-29 06:15:50,409 - Knowledge - INFO - Worker kw5 processing /app/data/T0015/301866/b3381ao/ARNavigation/ARNavigation1/Assets/Standard Assets/Utility/CurveControlledBob.cs
2025-12-29 06:15:50,489 - Knowledge - INFO - Worker kw6 processing /app/data/T0015/301866/b3381ao/ARNavigation/ARNavigation1/Assets/Standard Assets/Utility/AutoMoveAndRotate.cs
2025-12-29 06:15:50,573 - Knowledge - INFO - Fast-tracked /app/data/T0015/301866/b3381ao/ARNavigation/ARNavigation1/Assets/Standard Assets/Utility/SmoothFollow.cs (ext=.cs, size=1799)
2025-12-29 06:15:50,650 - Knowledge - INFO - Worker kw8 processing /app/data/T0015/301866/b3381ao/ARNavigation/ARNavigation1/Assets/Standard Assets/Utility/FPSCounter.cs
2025-12-29 06:15:50,747 - Knowledge - INFO - Batch sizing: calculated=5, max_allowed=10, queue=143, active_workers=8/10
2025-12-29 06:15:50,831 - Knowledge - INFO - [kw10] Queue=138, InProgress=0, PendingWorkers=8/10, Completed=0/178 (0.0%)
2025-12-29 06:15:50,927 - Knowledge - INFO - knowledge worker kw11 start
2025-12-29 06:15:50,927 - Knowledge - INFO - Worker kw12 created using shared MongoDB connection pool
2025-12-29 06:15:51,013 - Knowledge - INFO - Fast-tracked /app/data/T0015/301866/b3381ao/ARNavigation/ARNavigation1/Assets/Standard Assets/Effects/TessellationShaders/Materials/TesselatedBumpSpecularDisplacement.mat (ext=.mat, size=1518)
2025-12-29 06:15:51,108 - Knowledge - INFO - Fast-tracked /app/data/T0015/301866/b3381ao/ARNavigation/ARNavigation1/Assets/Standard Assets/Effects/ImageEffects/Readme.txt (ext=.txt, size=244)
2025-12-29 06:15:51,195 - Knowledge - INFO - Worker kw3 processing /app/data/T0015/301866/b3381ao/ARNavigation/ARNavigation1/Assets/Standard Assets/Utility/WaypointProgressTracker.cs
2025-12-29 06:15:51,275 - Knowledge - INFO - Fast-tracked /app/data/T0015/301866/b3381ao/ARNavigation/ARNavigation1/Assets/Standard Assets/Utility/SimpleActivatorMenu.cs (ext=.cs, size=1064)
2025-12-29 06:15:51,389 - Knowledge - INFO - Fast-tracked /app/data/T0015/301866/b3381ao/ARNavigation/ARNavigation1/Assets/Standard Assets/Utility/CurveControlledBob.cs (ext=.cs, size=1969)
2025-12-29 06:15:51,486 - Knowledge - INFO - Fast-tracked /app/data/T0015/301866/b3381ao/ARNavigation/ARNavigation1/Assets/Standard Assets/Utility/AutoMoveAndRotate.cs (ext=.cs, size=1156)
2025-12-29 06:15:51,578 - Knowledge - INFO - Worker kw7 processing /app/data/T0015/301866/b3381ao/ARNavigation/ARNavigation1/Assets/Standard Assets/Utility/FOVKick.cs
2025-12-29 06:15:51,662 - Knowledge - INFO - Fast-tracked /app/data/T0015/301866/b3381ao/ARNavigation/ARNavigation1/Assets/Standard Assets/Utility/FPSCounter.cs (ext=.cs, size=1090)
2025-12-29 06:15:51,768 - Knowledge - INFO - Worker kw9 processing /app/data/T0015/301866/b3381ao/ARNavigation/ARNavigation1/Assets/Standard Assets/Environment/Water (Basic)/Materials/WaterBasicDaytime.mat
2025-12-29 06:15:51,880 - Knowledge - INFO - Batch sizing: calculated=5, max_allowed=10, queue=138, active_workers=9/11
2025-12-29 06:15:51,963 - Knowledge - INFO - [kw11] Queue=133, InProgress=0, PendingWorkers=9/11, Completed=0/178 (0.0%)
2025-12-29 06:15:52,074 - Knowledge - INFO - knowledge worker kw12 start
2025-12-29 06:15:52,074 - Knowledge - INFO - Worker kw13 created using shared MongoDB connection pool
2025-12-29 06:15:52,162 - Knowledge - INFO - Fast-tracked /app/data/T0015/301866/b3381ao/ARNavigation/ARNavigation1/Assets/Standard Assets/Effects/ToonShading/Materials/ToonLit.mat (small file (2070 bytes))
2025-12-29 06:15:52,249 - Knowledge - INFO - Worker kw2 processing /app/data/T0015/301866/b3381ao/ARNavigation/ARNavigation1/Assets/Standard Assets/Effects/Projectors/Materials/LightProjector.mat
2025-12-29 06:15:52,475 - Knowledge - INFO - Worker kw4 processing /app/data/T0015/301866/b3381ao/ARNavigation/ARNavigation1/Assets/Standard Assets/Utility/LerpControlledBob.cs
2025-12-29 06:15:52,555 - Knowledge - INFO - Worker kw5 processing /app/data/T0015/301866/b3381ao/ARNavigation/ARNavigation1/Assets/Standard Assets/Utility/SimpleMouseRotator.cs
2025-12-29 06:15:52,658 - Knowledge - INFO - Worker kw6 processing /app/data/T0015/301866/b3381ao/ARNavigation/ARNavigation1/Assets/Standard Assets/Utility/ParticleSystemDestroyer.cs
2025-12-29 06:15:52,748 - Knowledge - INFO - Worker kw7 processing /app/data/T0015/301866/b3381ao/ARNavigation/ARNavigation1/Assets/Standard Assets/Utility/ActivateTrigger.cs
2025-12-29 06:15:52,846 - Knowledge - INFO - Worker kw8 processing /app/data/T0015/301866/b3381ao/ARNavigation/ARNavigation1/Assets/Standard Assets/Utility/TimedObjectActivator.cs
2025-12-29 06:15:52,937 - Knowledge - INFO - Worker kw9 processing /app/data/T0015/301866/b3381ao/ARNavigation/ARNavigation1/Assets/Standard Assets/Environment/Water (Basic)/Materials/WaterBasicNighttime.mat
2025-12-29 06:15:53,040 - Knowledge - INFO - Worker kw10 processing /app/data/T0015/301866/b3381ao/ARNavigation/ARNavigation1/Assets/Standard Assets/Environment/SpeedTree/Broadleaf/Broadleaf_Mobile Materials/LOD2/Branches_0.mat
2025-12-29 06:15:53,165 - Knowledge - INFO - Batch sizing: calculated=5, max_allowed=10, queue=133, active_workers=10/12
2025-12-29 06:15:53,265 - Knowledge - INFO - [kw12] Queue=128, InProgress=0, PendingWorkers=10/12, Completed=0/178 (0.0%)
2025-12-29 06:15:53,366 - Knowledge - INFO - knowledge worker kw13 start
2025-12-29 06:15:53,366 - Knowledge - INFO - Worker kw14 created using shared MongoDB connection pool
2025-12-29 06:15:53,493 - Knowledge - INFO - Processing batch of 5 files
2025-12-29 06:15:53,674 - Knowledge - INFO - Fast-tracked /app/data/T0015/301866/b3381ao/ARNavigation/ARNavigation1/Assets/Standard Assets/Utility/LerpControlledBob.cs (ext=.cs, size=1126)
2025-12-29 06:15:53,761 - Knowledge - INFO - Worker kw5 processing /app/data/T0015/301866/b3381ao/ARNavigation/ARNavigation1/Assets/Standard Assets/Utility/PlatformSpecificContent.cs
2025-12-29 06:15:53,838 - Knowledge - INFO - Fast-tracked /app/data/T0015/301866/b3381ao/ARNavigation/ARNavigation1/Assets/Standard Assets/Utility/ParticleSystemDestroyer.cs (ext=.cs, size=1826)
2025-12-29 06:15:53,964 - Knowledge - INFO - Worker kw7 processing /app/data/T0015/301866/b3381ao/ARNavigation/ARNavigation1/Assets/Standard Assets/Utility/ObjectResetter.cs
2025-12-29 06:15:54,078 - Knowledge - INFO - Worker kw8 processing /app/data/T0015/301866/b3381ao/ARNavigation/ARNavigation1/Assets/Standard Assets/Utility/DragRigidbody.cs
2025-12-29 06:15:54,172 - Knowledge - INFO - Worker kw9 processing /app/data/T0015/301866/b3381ao/ARNavigation/ARNavigation1/Assets/Standard Assets/Environment/SpeedTree/Broadleaf/Broadleaf_Mobile Materials/LOD1/Leaves_1.mat
2025-12-29 06:15:54,272 - Knowledge - INFO - Fast-tracked /app/data/T0015/301866/b3381ao/ARNavigation/ARNavigation1/Assets/Standard Assets/Environment/SpeedTree/Broadleaf/Broadleaf_Mobile Materials/LOD2/Branches_0.mat (ext=.mat, size=1148)
2025-12-29 06:15:54,352 - Knowledge - INFO - Worker kw11 processing /app/data/T0015/301866/b3381ao/ARNavigation/ARNavigation1/Assets/Standard Assets/Environment/SpeedTree/Broadleaf/Broadleaf_Desktop Materials/LOD1/Branches_1.mat
2025-12-29 06:15:54,440 - Knowledge - INFO - Batch sizing: calculated=5, max_allowed=10, queue=128, active_workers=11/13
2025-12-29 06:15:54,518 - Knowledge - INFO - [kw13] Queue=123, InProgress=0, PendingWorkers=11/13, Completed=5/178 (2.8%)
2025-12-29 06:15:54,622 - Knowledge - INFO - knowledge worker kw14 start
2025-12-29 06:15:54,622 - Knowledge - INFO - Worker kw15 created using shared MongoDB connection pool
2025-12-29 06:15:54,701 - Knowledge - INFO - process ingested knowledge for /app/data/T0015/301866/b3381ao/ARNavigation/ARNavigation1/Assets/Standard Assets/Effects/ToonShading/Materials/ToonBasicOutline.mat
2025-12-29 06:15:54,784 - Knowledge - INFO - Worker kw4 processing /app/data/T0015/301866/b3381ao/ARNavigation/ARNavigation1/Assets/Standard Assets/Utility/AlphaButtonClickMask.cs
2025-12-29 06:15:54,951 - Knowledge - INFO - Worker kw6 processing /app/data/T0015/301866/b3381ao/ARNavigation/ARNavigation1/Assets/Standard Assets/Utility/FollowTarget.cs
2025-12-29 06:15:55,051 - Knowledge - INFO - Fast-tracked /app/data/T0015/301866/b3381ao/ARNavigation/ARNavigation1/Assets/Standard Assets/Utility/ObjectResetter.cs (ext=.cs, size=1604)
2025-12-29 06:15:55,143 - Knowledge - INFO - Worker kw8 processing /app/data/T0015/301866/b3381ao/ARNavigation/ARNavigation1/Assets/Standard Assets/Environment/Water (Basic)/Scripts/WaterBasic.cs
2025-12-29 06:15:55,260 - Knowledge - INFO - Fast-tracked /app/data/T0015/301866/b3381ao/ARNavigation/ARNavigation1/Assets/Standard Assets/Environment/SpeedTree/Broadleaf/Broadleaf_Mobile Materials/LOD1/Leaves_1.mat (ext=.mat, size=1144)
2025-12-29 06:15:55,521 - Knowledge - INFO - Worker kw10 processing /app/data/T0015/301866/b3381ao/ARNavigation/ARNavigation1/Assets/Standard Assets/Environment/SpeedTree/Broadleaf/Broadleaf_Mobile Materials/Billboard.mat
2025-12-29 06:15:55,623 - Knowledge - INFO - Fast-tracked /app/data/T0015/301866/b3381ao/ARNavigation/ARNavigation1/Assets/Standard Assets/Environment/SpeedTree/Broadleaf/Broadleaf_Desktop Materials/LOD1/Branches_1.mat (ext=.mat, size=1210)
2025-12-29 06:15:55,716 - Knowledge - INFO - Worker kw12 processing /app/data/T0015/301866/b3381ao/ARNavigation/ARNavigation1/Assets/Standard Assets/Environment/SpeedTree/Broadleaf/Broadleaf_Desktop Materials/LOD2/Branches_1.mat
2025-12-29 06:15:55,812 - Knowledge - INFO - Batch sizing: calculated=5, max_allowed=10, queue=123, active_workers=12/14
2025-12-29 06:15:55,897 - Knowledge - INFO - [kw14] Queue=118, InProgress=0, PendingWorkers=12/14, Completed=5/178 (2.8%)
2025-12-29 06:15:55,986 - Knowledge - INFO - knowledge worker kw15 start
2025-12-29 06:15:55,986 - Knowledge - INFO - Worker kw16 created using shared MongoDB connection pool
2025-12-29 06:15:56,057 - Knowledge - INFO - process ingested knowledge for /app/data/T0015/301866/b3381ao/ARNavigation/ARNavigation1/Assets/Standard Assets/Effects/ToonShading/Materials/ToonBasic.mat
2025-12-29 06:15:56,147 - Knowledge - INFO - Fast-tracked /app/data/T0015/301866/b3381ao/ARNavigation/ARNavigation1/Assets/Standard Assets/Utility/AlphaButtonClickMask.cs (ext=.cs, size=1817)
2025-12-29 06:15:56,229 - Knowledge - INFO - Fast-tracked /app/data/T0015/301866/b3381ao/ARNavigation/ARNavigation1/Assets/Standard Assets/Utility/FollowTarget.cs (ext=.cs, size=360)
2025-12-29 06:15:56,322 - Knowledge - INFO - Worker kw7 processing /app/data/T0015/301866/b3381ao/ARNavigation/ARNavigation1/Assets/Standard Assets/Utility/TimedObjectDestructor.cs
2025-12-29 06:15:56,409 - Knowledge - INFO - Fast-tracked /app/data/T0015/301866/b3381ao/ARNavigation/ARNavigation1/Assets/Standard Assets/Environment/Water (Basic)/Scripts/WaterBasic.cs (ext=.cs, size=934)
2025-12-29 06:15:56,565 - Knowledge - INFO - Worker kw9 processing /app/data/T0015/301866/b3381ao/ARNavigation/ARNavigation1/Assets/Standard Assets/Environment/SpeedTree/Broadleaf/Broadleaf_Mobile Materials/LOD1/Branches_0.mat
2025-12-29 06:15:56,590 - Knowledge - INFO - [LLM_CALL] Completed: LightProjector.mat:chunk1, Duration: 2996ms, PromptTokens: 3524, CompletionTokens: 59, Cost: $0.00038
2025-12-29 06:15:56,647 - Knowledge - INFO - Fast-tracked /app/data/T0015/301866/b3381ao/ARNavigation/ARNavigation1/Assets/Standard Assets/Environment/SpeedTree/Broadleaf/Broadleaf_Mobile Materials/Billboard.mat (ext=.mat, size=1005)
2025-12-29 06:15:56,726 - Knowledge - INFO - Worker kw11 processing /app/data/T0015/301866/b3381ao/ARNavigation/ARNavigation1/Assets/Standard Assets/Environment/SpeedTree/Broadleaf/Broadleaf_Desktop Materials/LOD1/Branches_0.mat
2025-12-29 06:15:56,833 - Knowledge - INFO - Fast-tracked /app/data/T0015/301866/b3381ao/ARNavigation/ARNavigation1/Assets/Standard Assets/Environment/SpeedTree/Broadleaf/Broadleaf_Desktop Materials/LOD2/Branches_1.mat (ext=.mat, size=1210)
2025-12-29 06:15:57,021 - Knowledge - INFO - Batch sizing: calculated=5, max_allowed=10, queue=118, active_workers=13/15
2025-12-29 06:15:57,138 - Knowledge - INFO - [kw15] Queue=113, InProgress=0, PendingWorkers=13/15, Completed=5/178 (2.8%)
2025-12-29 06:15:57,259 - Knowledge - INFO - knowledge worker kw16 start
2025-12-29 06:15:57,259 - Knowledge - INFO - Worker kw17 created using shared MongoDB connection pool
2025-12-29 06:15:57,362 - Knowledge - INFO - process ingested knowledge for /app/data/T0015/301866/b3381ao/ARNavigation/ARNavigation1/Assets/Standard Assets/Effects/ToonShading/Materials/ToonLitOutline.mat
2025-12-29 06:15:57,565 - Knowledge - INFO - Worker kw6 processing /app/data/T0015/301866/b3381ao/ARNavigation/ARNavigation1/Assets/Standard Assets/Utility/AutoMobileShaderSwitch.cs
2025-12-29 06:15:57,648 - Knowledge - INFO - Fast-tracked /app/data/T0015/301866/b3381ao/ARNavigation/ARNavigation1/Assets/Standard Assets/Utility/TimedObjectDestructor.cs (ext=.cs, size=588)
2025-12-29 06:15:57,735 - Knowledge - INFO - Worker kw8 processing /app/data/T0015/301866/b3381ao/ARNavigation/ARNavigation1/Assets/Standard Assets/Environment/Water (Basic)/Materials/WaterDefault.mat
2025-12-29 06:15:57,814 - Knowledge - INFO - Fast-tracked /app/data/T0015/301866/b3381ao/ARNavigation/ARNavigation1/Assets/Standard Assets/Environment/SpeedTree/Broadleaf/Broadleaf_Mobile Materials/LOD1/Branches_0.mat (ext=.mat, size=1148)
2025-12-29 06:15:57,944 - Knowledge - INFO - done ingest for /app/data/T0015/301866/b3381ao/ARNavigation/ARNavigation1/Assets/Standard Assets/Effects/Projectors/Materials/LightProjector.mat
2025-12-29 06:15:57,944 - Knowledge - INFO - Worker kw13 processing /app/data/T0015/301866/b3381ao/ARNavigation/ARNavigation1/Assets/Standard Assets/Environment/SpeedTree/Broadleaf/Broadleaf_Desktop Materials/LOD0/Leaves_3.mat
2025-12-29 06:15:57,944 - Knowledge - INFO - [LLM_CALL] Completed: ShadowProjector.mat:chunk1, Duration: 5581ms, PromptTokens: 3524, CompletionTokens: 59, Cost: $0.00038
2025-12-29 06:15:58,023 - Knowledge - INFO - Worker kw10 processing /app/data/T0015/301866/b3381ao/ARNavigation/ARNavigation1/Assets/Standard Assets/Environment/SpeedTree/Broadleaf/Broadleaf_Mobile Materials/LOD0/Leaves_1.mat
2025-12-29 06:15:58,110 - Knowledge - INFO - Fast-tracked /app/data/T0015/301866/b3381ao/ARNavigation/ARNavigation1/Assets/Standard Assets/Environment/SpeedTree/Broadleaf/Broadleaf_Desktop Materials/LOD1/Branches_0.mat (ext=.mat, size=1148)
2025-12-29 06:15:58,187 - Knowledge - INFO - Worker kw12 processing /app/data/T0015/301866/b3381ao/ARNavigation/ARNavigation1/Assets/Standard Assets/Environment/SpeedTree/Broadleaf/Broadleaf_Desktop Materials/LOD2/Branches_0.mat
2025-12-29 06:15:58,373 - Knowledge - INFO - Batch sizing: calculated=5, max_allowed=10, queue=113, active_workers=14/16
2025-12-29 06:15:58,450 - Knowledge - INFO - [kw16] Queue=108, InProgress=0, PendingWorkers=14/16, Completed=10/178 (5.6%)
2025-12-29 06:15:58,543 - Knowledge - INFO - knowledge worker kw17 start
2025-12-29 06:15:58,543 - Knowledge - INFO - Worker kw18 created using shared MongoDB connection pool
2025-12-29 06:15:58,622 - Knowledge - INFO - process ingested knowledge for /app/data/T0015/301866/b3381ao/ARNavigation/ARNavigation1/Assets/Standard Assets/Effects/ToonShading/Materials/ToonLit.mat
2025-12-29 06:15:58,806 - Knowledge - INFO - Fast-tracked /app/data/T0015/301866/b3381ao/ARNavigation/ARNavigation1/Assets/Standard Assets/Utility/FOVKick.cs (small file (2403 bytes))
2025-12-29 06:15:58,863 - Knowledge - INFO - Fast-tracked /app/data/T0015/301866/b3381ao/ARNavigation/ARNavigation1/Assets/Standard Assets/Utility/PlatformSpecificContent.cs (small file (2733 bytes))
2025-12-29 06:15:58,872 - Knowledge - INFO - Fast-tracked /app/data/T0015/301866/b3381ao/ARNavigation/ARNavigation1/Assets/Standard Assets/Environment/Water (Basic)/Materials/WaterDefault.mat (ext=.mat, size=801)
2025-12-29 06:15:58,991 - Knowledge - INFO - Worker kw9 processing /app/data/T0015/301866/b3381ao/ARNavigation/ARNavigation1/Assets/Standard Assets/Environment/SpeedTree/Broadleaf/Broadleaf_Mobile Materials/LOD2/Leaves_1.mat
2025-12-29 06:15:59,184 - Knowledge - INFO - Fast-tracked /app/data/T0015/301866/b3381ao/ARNavigation/ARNavigation1/Assets/Standard Assets/Environment/SpeedTree/Broadleaf/Broadleaf_Desktop Materials/LOD0/Leaves_3.mat (ext=.mat, size=1144)
2025-12-29 06:15:59,292 - Knowledge - INFO - done ingest for /app/data/T0015/301866/b3381ao/ARNavigation/ARNavigation1/Assets/Standard Assets/Effects/Projectors/Materials/ShadowProjector.mat
2025-12-29 06:15:59,292 - Knowledge - INFO - Processing batch of 5 files
2025-12-29 06:15:59,293 - Knowledge - INFO - Worker kw14 processing /app/data/T0015/301866/b3381ao/ARNavigation/ARNavigation1/Assets/Standard Assets/Environment/SpeedTree/Palm/Palm_Desktop Materials/LOD1/Leaves_3.mat
2025-12-29 06:15:59,293 - Knowledge - INFO - Processing batch of 5 files
2025-12-29 06:15:59,407 - Knowledge - INFO - Fast-tracked /app/data/T0015/301866/b3381ao/ARNavigation/ARNavigation1/Assets/Standard Assets/Environment/SpeedTree/Broadleaf/Broadleaf_Mobile Materials/LOD0/Leaves_1.mat (ext=.mat, size=1144)
2025-12-29 06:15:59,528 - Knowledge - INFO - Worker kw11 processing /app/data/T0015/301866/b3381ao/ARNavigation/ARNavigation1/Assets/Standard Assets/Environment/SpeedTree/Broadleaf/Broadleaf_Desktop Materials/LOD1/Fronds_2.mat
2025-12-29 06:15:59,620 - Knowledge - INFO - Fast-tracked /app/data/T0015/301866/b3381ao/ARNavigation/ARNavigation1/Assets/Standard Assets/Environment/SpeedTree/Broadleaf/Broadleaf_Desktop Materials/LOD2/Branches_0.mat (ext=.mat, size=1148)
2025-12-29 06:15:59,691 - Knowledge - INFO - Worker kw15 processing /app/data/T0015/301866/b3381ao/ARNavigation/ARNavigation1/Assets/Standard Assets/Environment/SpeedTree/Palm/Palm_Desktop Materials/Billboard.mat
2025-12-29 06:15:59,802 - Knowledge - INFO - Batch sizing: calculated=5, max_allowed=10, queue=108, active_workers=15/17
2025-12-29 06:15:59,926 - Knowledge - INFO - [kw17] Queue=103, InProgress=0, PendingWorkers=15/17, Completed=15/178 (8.4%)
2025-12-29 06:16:00,003 - Knowledge - INFO - knowledge worker kw18 start
2025-12-29 06:16:00,004 - Knowledge - INFO - Worker kw19 created using shared MongoDB connection pool
2025-12-29 06:16:00,117 - Knowledge - INFO - process ingested knowledge for /app/data/T0015/301866/b3381ao/ARNavigation/ARNavigation1/Assets/Standard Assets/Effects/TessellationShaders/Materials/TesselatedBumpSpecularDisplacement.mat
2025-12-29 06:16:00,478 - Knowledge - INFO - Fast-tracked /app/data/T0015/301866/b3381ao/ARNavigation/ARNavigation1/Assets/Standard Assets/Environment/SpeedTree/Broadleaf/Broadleaf_Mobile Materials/LOD2/Leaves_1.mat (ext=.mat, size=1144)
2025-12-29 06:16:00,587 - Knowledge - INFO - Worker kw13 processing /app/data/T0015/301866/b3381ao/ARNavigation/ARNavigation1/Assets/Standard Assets/Environment/SpeedTree/Broadleaf/Broadleaf_Desktop Materials/LOD0/Branches_1.mat
2025-12-29 06:16:00,903 - Knowledge - INFO - process ingested knowledge for /app/data/T0015/301866/b3381ao/ARNavigation/ARNavigation1/Assets/Standard Assets/Utility/DynamicShadowSettings.cs
2025-12-29 06:16:01,037 - Knowledge - INFO - Fast-tracked /app/data/T0015/301866/b3381ao/ARNavigation/ARNavigation1/Assets/Standard Assets/Environment/SpeedTree/Palm/Palm_Desktop Materials/LOD1/Leaves_3.mat (ext=.mat, size=1144)
2025-12-29 06:16:01,142 - Knowledge - INFO - process ingested knowledge for /app/data/T0015/301866/b3381ao/ARNavigation/ARNavigation1/Assets/Standard Assets/Effects/TessellationShaders/Materials/TesselatedBumpSpecular.mat
2025-12-29 06:16:01,307 - Knowledge - INFO - Worker kw10 processing /app/data/T0015/301866/b3381ao/ARNavigation/ARNavigation1/Assets/Standard Assets/Environment/SpeedTree/Broadleaf/Broadleaf_Mobile Materials/LOD0/Branches_0.mat
2025-12-29 06:16:01,339 - Knowledge - INFO - [LLM_CALL] Completed: GridProjector.mat:chunk1, Duration: 7973ms, PromptTokens: 3512, CompletionTokens: 59, Cost: $0.00037
2025-12-29 06:16:01,416 - Knowledge - INFO - Fast-tracked /app/data/T0015/301866/b3381ao/ARNavigation/ARNavigation1/Assets/Standard Assets/Environment/SpeedTree/Broadleaf/Broadleaf_Desktop Materials/LOD1/Fronds_2.mat (ext=.mat, size=1145)
2025-12-29 06:16:01,543 - Knowledge - INFO - Worker kw12 processing /app/data/T0015/301866/b3381ao/ARNavigation/ARNavigation1/Assets/Standard Assets/Environment/SpeedTree/Broadleaf/Broadleaf_Desktop Materials/LOD2/Fronds_2.mat
2025-12-29 06:16:01,689 - Knowledge - INFO - Fast-tracked /app/data/T0015/301866/b3381ao/ARNavigation/ARNavigation1/Assets/Standard Assets/Environment/SpeedTree/Palm/Palm_Desktop Materials/Billboard.mat (ext=.mat, size=1005)
2025-12-29 06:16:02,002 - Knowledge - INFO - Batch sizing: calculated=5, max_allowed=10, queue=103, active_workers=16/18
2025-12-29 06:16:02,108 - Knowledge - INFO - [kw18] Queue=98, InProgress=0, PendingWorkers=16/18, Completed=15/178 (8.4%)
2025-12-29 06:16:02,221 - Knowledge - INFO - knowledge worker kw19 start
2025-12-29 06:16:02,222 - Knowledge - INFO - Worker kw20 created using shared MongoDB connection pool
2025-12-29 06:16:02,460 - Knowledge - INFO - Fast-tracked /app/data/T0015/301866/b3381ao/ARNavigation/ARNavigation1/Assets/Standard Assets/Utility/DragRigidbody.cs (small file (3060 bytes))
2025-12-29 06:16:02,606 - Knowledge - INFO - Fast-tracked /app/data/T0015/301866/b3381ao/ARNavigation/ARNavigation1/Assets/Standard Assets/Environment/SpeedTree/Broadleaf/Broadleaf_Desktop Materials/LOD0/Branches_1.mat (ext=.mat, size=1210)
2025-12-29 06:16:02,712 - Knowledge - INFO - process ingested knowledge for /app/data/T0015/301866/b3381ao/ARNavigation/ARNavigation1/Assets/Standard Assets/Utility/EventSystemChecker.cs
2025-12-29 06:16:02,795 - Knowledge - INFO - Worker kw14 processing /app/data/T0015/301866/b3381ao/ARNavigation/ARNavigation1/Assets/Standard Assets/Environment/SpeedTree/Palm/Palm_Desktop Materials/LOD1/Branches_0.mat
2025-12-29 06:16:03,023 - Knowledge - INFO - Fast-tracked /app/data/T0015/301866/b3381ao/ARNavigation/ARNavigation1/Assets/Standard Assets/Environment/SpeedTree/Broadleaf/Broadleaf_Mobile Materials/LOD0/Branches_0.mat (ext=.mat, size=1148)
2025-12-29 06:16:03,024 - Knowledge - INFO - process ingested knowledge for /app/data/T0015/301866/b3381ao/ARNavigation/ARNavigation1/Assets/Standard Assets/Effects/TessellationShaders/Materials/TesselatedBumpSpecularSmooth.mat
2025-12-29 06:16:03,123 - Knowledge - INFO - done ingest for /app/data/T0015/301866/b3381ao/ARNavigation/ARNavigation1/Assets/Standard Assets/Effects/Projectors/Materials/GridProjector.mat
2025-12-29 06:16:03,130 - Knowledge - INFO - Worker kw16 processing /app/data/T0015/301866/b3381ao/ARNavigation/ARNavigation1/Assets/Standard Assets/Environment/SpeedTree/Conifer/Conifer_Desktop Materials/LOD1/Leaves_3.mat
2025-12-29 06:16:03,236 - Knowledge - INFO - Worker kw11 processing /app/data/T0015/301866/b3381ao/ARNavigation/ARNavigation1/Assets/Standard Assets/Environment/SpeedTree/Broadleaf/Broadleaf_Desktop Materials/LOD1/FacingLeaves_4.mat
2025-12-29 06:16:03,393 - Knowledge - INFO - Fast-tracked /app/data/T0015/301866/b3381ao/ARNavigation/ARNavigation1/Assets/Standard Assets/Environment/SpeedTree/Broadleaf/Broadleaf_Desktop Materials/LOD2/Fronds_2.mat (ext=.mat, size=1145)
2025-12-29 06:16:03,435 - Knowledge - INFO - [LLM_CALL] Completed: AutoMobileShaderSwitch.cs:chunk1, Duration: 4142ms, PromptTokens: 3404, CompletionTokens: 495, Cost: $0.00054
2025-12-29 06:16:03,490 - Knowledge - INFO - Worker kw15 processing /app/data/T0015/301866/b3381ao/ARNavigation/ARNavigation1/Assets/Standard Assets/Environment/SpeedTree/Palm/Palm_Desktop Materials/LOD0/Leaves_3.mat
2025-12-29 06:16:03,713 - Knowledge - INFO - Batch sizing: calculated=4, max_allowed=10, queue=98, active_workers=17/19
2025-12-29 06:16:03,811 - Knowledge - INFO - [kw19] Queue=93, InProgress=0, PendingWorkers=17/19, Completed=15/178 (8.4%)
2025-12-29 06:16:03,938 - Knowledge - INFO - knowledge worker kw20 start
2025-12-29 06:16:04,186 - Knowledge - INFO - Worker kw13 processing /app/data/T0015/301866/b3381ao/ARNavigation/ARNavigation1/Assets/Standard Assets/Environment/SpeedTree/Broadleaf/Broadleaf_Desktop Materials/LOD0/Branches_0.mat
2025-12-29 06:16:04,279 - Knowledge - INFO - process ingested knowledge for /app/data/T0015/301866/b3381ao/ARNavigation/ARNavigation1/Assets/Standard Assets/Utility/SimpleActivatorMenu.cs
2025-12-29 06:16:04,395 - Knowledge - INFO - Fast-tracked /app/data/T0015/301866/b3381ao/ARNavigation/ARNavigation1/Assets/Standard Assets/Environment/SpeedTree/Palm/Palm_Desktop Materials/LOD1/Branches_0.mat (ext=.mat, size=1210)
2025-12-29 06:16:04,517 - Knowledge - INFO - Worker kw10 processing /app/data/T0015/301866/b3381ao/ARNavigation/ARNavigation1/Assets/Standard Assets/Environment/SpeedTree/Broadleaf/Broadleaf_Desktop Materials/LOD1/Leaves_3.mat
2025-12-29 06:16:04,632 - Knowledge - INFO - process ingested knowledge for /app/data/T0015/301866/b3381ao/ARNavigation/ARNavigation1/Assets/Standard Assets/Effects/LightFlares/Materials/Flare50mm.mat
2025-12-29 06:16:04,890 - Knowledge - INFO - Fast-tracked /app/data/T0015/301866/b3381ao/ARNavigation/ARNavigation1/Assets/Standard Assets/Environment/SpeedTree/Conifer/Conifer_Desktop Materials/LOD1/Leaves_3.mat (ext=.mat, size=1144)
2025-12-29 06:16:04,990 - Knowledge - INFO - Fast-tracked /app/data/T0015/301866/b3381ao/ARNavigation/ARNavigation1/Assets/Standard Assets/Environment/SpeedTree/Broadleaf/Broadleaf_Desktop Materials/LOD1/FacingLeaves_4.mat (ext=.mat, size=1150)
2025-12-29 06:16:05,081 - Knowledge - INFO - Worker kw12 processing /app/data/T0015/301866/b3381ao/ARNavigation/ARNavigation1/Assets/Standard Assets/Environment/SpeedTree/Broadleaf/Broadleaf_Desktop Materials/LOD2/FacingLeaves_4.mat
2025-12-29 06:16:05,188 - Knowledge - INFO - done ingest for /app/data/T0015/301866/b3381ao/ARNavigation/ARNavigation1/Assets/Standard Assets/Utility/AutoMobileShaderSwitch.cs
2025-12-29 06:16:05,218 - Knowledge - INFO - [LLM_CALL] Completed: SimpleMouseRotator.cs:chunk1, Duration: 7274ms, PromptTokens: 2762, CompletionTokens: 348, Cost: $0.00042
2025-12-29 06:16:05,446 - Knowledge - INFO - Fast-tracked /app/data/T0015/301866/b3381ao/ARNavigation/ARNavigation1/Assets/Standard Assets/Environment/SpeedTree/Palm/Palm_Desktop Materials/LOD0/Leaves_3.mat (ext=.mat, size=1144)
2025-12-29 06:16:05,621 - Knowledge - INFO - Batch sizing: calculated=4, max_allowed=10, queue=93, active_workers=18/20
2025-12-29 06:16:05,715 - Knowledge - INFO - [kw20] Queue=89, InProgress=0, PendingWorkers=18/20, Completed=15/178 (8.4%)
2025-12-29 06:16:05,802 - Knowledge - INFO - Fast-tracked /app/data/T0015/301866/b3381ao/ARNavigation/ARNavigation1/Assets/Standard Assets/Environment/SpeedTree/Broadleaf/Broadleaf_Desktop Materials/LOD0/Branches_0.mat (ext=.mat, size=1148)
2025-12-29 06:16:05,903 - Knowledge - INFO - process ingested knowledge for /app/data/T0015/301866/b3381ao/ARNavigation/ARNavigation1/Assets/Standard Assets/Utility/LerpControlledBob.cs
2025-12-29 06:16:05,985 - Knowledge - INFO - Worker kw14 processing /app/data/T0015/301866/b3381ao/ARNavigation/ARNavigation1/Assets/Standard Assets/Environment/SpeedTree/Palm/Palm_Desktop Materials/LOD1/Fronds_2.mat
2025-12-29 06:16:06,069 - Knowledge - INFO - Fast-tracked /app/data/T0015/301866/b3381ao/ARNavigation/ARNavigation1/Assets/Standard Assets/Environment/SpeedTree/Broadleaf/Broadleaf_Desktop Materials/LOD1/Leaves_3.mat (ext=.mat, size=1144)
2025-12-29 06:16:06,182 - Knowledge - INFO - process ingested knowledge for /app/data/T0015/301866/b3381ao/ARNavigation/ARNavigation1/Assets/Standard Assets/Effects/ImageEffects/Readme.txt
2025-12-29 06:16:06,300 - Knowledge - INFO - Worker kw16 processing /app/data/T0015/301866/b3381ao/ARNavigation/ARNavigation1/Assets/Standard Assets/Environment/SpeedTree/Conifer/Conifer_Desktop Materials/LOD1/Branches_1.mat
2025-12-29 06:16:06,403 - Knowledge - INFO - Worker kw11 processing /app/data/T0015/301866/b3381ao/ARNavigation/ARNavigation1/Assets/Standard Assets/Environment/SpeedTree/Broadleaf/Broadleaf_Desktop Materials/LOD2/Leaves_3.mat
2025-12-29 06:16:06,536 - Knowledge - INFO - Fast-tracked /app/data/T0015/301866/b3381ao/ARNavigation/ARNavigation1/Assets/Standard Assets/Environment/SpeedTree/Broadleaf/Broadleaf_Desktop Materials/LOD2/FacingLeaves_4.mat (ext=.mat, size=1150)
2025-12-29 06:16:06,732 - Knowledge - INFO - done ingest for /app/data/T0015/301866/b3381ao/ARNavigation/ARNavigation1/Assets/Standard Assets/Utility/SimpleMouseRotator.cs
2025-12-29 06:16:06,733 - Knowledge - INFO - Worker kw17 processing /app/data/T0015/301866/b3381ao/ARNavigation/ARNavigation1/Assets/Standard Assets/Environment/SpeedTree/Conifer/Conifer_Desktop Materials/LOD2/Branches_1.mat
2025-12-29 06:16:06,735 - Knowledge - INFO - [LLM_CALL] Completed: ActivateTrigger.cs:chunk1, Duration: 6536ms, PromptTokens: 1860, CompletionTokens: 374, Cost: $0.00034
2025-12-29 06:16:06,813 - Knowledge - INFO - Worker kw15 processing /app/data/T0015/301866/b3381ao/ARNavigation/ARNavigation1/Assets/Standard Assets/Environment/SpeedTree/Palm/Palm_Desktop Materials/LOD0/Branches_1.mat
2025-12-29 06:16:07,027 - Knowledge - INFO - Batch sizing: calculated=4, max_allowed=10, queue=89, active_workers=19/20
2025-12-29 06:16:07,111 - Knowledge - INFO - Worker kw13 processing /app/data/T0015/301866/b3381ao/ARNavigation/ARNavigation1/Assets/Standard Assets/Environment/SpeedTree/Broadleaf/Broadleaf_Desktop Materials/LOD0/Fronds_2.mat
2025-12-29 06:16:07,203 - Knowledge - INFO - process ingested knowledge for /app/data/T0015/301866/b3381ao/ARNavigation/ARNavigation1/Assets/Standard Assets/Utility/AlphaButtonClickMask.cs
2025-12-29 06:16:07,277 - Knowledge - INFO - Fast-tracked /app/data/T0015/301866/b3381ao/ARNavigation/ARNavigation1/Assets/Standard Assets/Environment/SpeedTree/Palm/Palm_Desktop Materials/LOD1/Fronds_2.mat (ext=.mat, size=1145)
2025-12-29 06:16:07,441 - Knowledge - INFO - process ingested knowledge for /app/data/T0015/301866/b3381ao/ARNavigation/ARNavigation1/Assets/Standard Assets/Effects/Projectors/Materials/LightProjector.mat
2025-12-29 06:16:07,540 - Knowledge - INFO - Fast-tracked /app/data/T0015/301866/b3381ao/ARNavigation/ARNavigation1/Assets/Standard Assets/Environment/SpeedTree/Conifer/Conifer_Desktop Materials/LOD1/Branches_1.mat (ext=.mat, size=1210)
2025-12-29 06:16:07,635 - Knowledge - INFO - Fast-tracked /app/data/T0015/301866/b3381ao/ARNavigation/ARNavigation1/Assets/Standard Assets/Environment/SpeedTree/Broadleaf/Broadleaf_Desktop Materials/LOD2/Leaves_3.mat (ext=.mat, size=1144)
2025-12-29 06:16:07,714 - Knowledge - INFO - Worker kw12 processing /app/data/T0015/301866/b3381ao/ARNavigation/ARNavigation1/Assets/Standard Assets/Environment/SpeedTree/Broadleaf/Broadleaf_Desktop Materials/Billboard.mat
2025-12-29 06:16:08,007 - Knowledge - INFO - Fast-tracked /app/data/T0015/301866/b3381ao/ARNavigation/ARNavigation1/Assets/Standard Assets/Environment/SpeedTree/Conifer/Conifer_Desktop Materials/LOD2/Branches_1.mat (ext=.mat, size=1210)
2025-12-29 06:16:08,126 - Knowledge - INFO - done ingest for /app/data/T0015/301866/b3381ao/ARNavigation/ARNavigation1/Assets/Standard Assets/Utility/ActivateTrigger.cs
2025-12-29 06:16:08,141 - Knowledge - INFO - [LLM_CALL] Completed: WaypointProgressTracker.cs:chunk1, Duration: 13616ms, PromptTokens: 3222, CompletionTokens: 437, Cost: $0.00050
2025-12-29 06:16:08,295 - Knowledge - INFO - Fast-tracked /app/data/T0015/301866/b3381ao/ARNavigation/ARNavigation1/Assets/Standard Assets/Environment/SpeedTree/Palm/Palm_Desktop Materials/LOD0/Branches_1.mat (ext=.mat, size=1210)
2025-12-29 06:16:08,540 - Knowledge - INFO - Fast-tracked /app/data/T0015/301866/b3381ao/ARNavigation/ARNavigation1/Assets/Standard Assets/Environment/SpeedTree/Broadleaf/Broadleaf_Desktop Materials/LOD0/Fronds_2.mat (ext=.mat, size=1145)
2025-12-29 06:16:08,860 - Knowledge - INFO - Worker kw14 processing /app/data/T0015/301866/b3381ao/ARNavigation/ARNavigation1/Assets/Standard Assets/Environment/SpeedTree/Palm/Palm_Desktop Materials/LOD2/Branches_0.mat
2025-12-29 06:16:09,040 - Knowledge - INFO - Worker kw16 processing /app/data/T0015/301866/b3381ao/ARNavigation/ARNavigation1/Assets/Standard Assets/Environment/SpeedTree/Conifer/Conifer_Desktop Materials/LOD1/Branches_0.mat
2025-12-29 06:16:09,310 - Knowledge - INFO - Fast-tracked /app/data/T0015/301866/b3381ao/ARNavigation/ARNavigation1/Assets/Standard Assets/Environment/SpeedTree/Broadleaf/Broadleaf_Desktop Materials/Billboard.mat (ext=.mat, size=1005)
2025-12-29 06:16:09,395 - Knowledge - INFO - Worker kw17 processing /app/data/T0015/301866/b3381ao/ARNavigation/ARNavigation1/Assets/Standard Assets/Environment/SpeedTree/Conifer/Conifer_Desktop Materials/LOD2/Branches_0.mat
2025-12-29 06:16:09,637 - Knowledge - INFO - done ingest for /app/data/T0015/301866/b3381ao/ARNavigation/ARNavigation1/Assets/Standard Assets/Utility/WaypointProgressTracker.cs
2025-12-29 06:16:09,638 - Knowledge - INFO - Worker kw18 processing /app/data/T0015/301866/b3381ao/ARNavigation/ARNavigation1/Assets/Standard Assets/Environment/SpeedTree/Conifer/Conifer_Desktop Materials/LOD0/Branches_0.mat
2025-12-29 06:16:09,638 - Knowledge - INFO - Processing batch of 5 files
2025-12-29 06:16:09,639 - Knowledge - INFO - Worker kw19 processing /app/data/T0015/301866/b3381ao/ARNavigation/ARNavigation1/Assets/Standard Assets/Environment/Water/Water/Scripts/SpecularLighting.cs
2025-12-29 06:16:09,639 - Knowledge - INFO - [LLM_CALL] Completed: TimedObjectActivator.cs:chunk1, Duration: 9239ms, PromptTokens: 3290, CompletionTokens: 725, Cost: $0.00062
2025-12-29 06:16:09,750 - Knowledge - INFO - Worker kw15 processing /app/data/T0015/301866/b3381ao/ARNavigation/ARNavigation1/Assets/Standard Assets/Environment/SpeedTree/Palm/Palm_Desktop Materials/LOD0/Branches_0.mat
2025-12-29 06:16:09,828 - Knowledge - INFO - Worker kw13 processing /app/data/T0015/301866/b3381ao/ARNavigation/ARNavigation1/Assets/Standard Assets/Environment/SpeedTree/Broadleaf/Broadleaf_Desktop Materials/LOD0/FacingLeaves_4.mat
2025-12-29 06:16:09,941 - Knowledge - INFO - Fast-tracked /app/data/T0015/301866/b3381ao/ARNavigation/ARNavigation1/Assets/Standard Assets/Environment/SpeedTree/Palm/Palm_Desktop Materials/LOD2/Branches_0.mat (ext=.mat, size=1210)
2025-12-29 06:16:10,055 - Knowledge - INFO - Fast-tracked /app/data/T0015/301866/b3381ao/ARNavigation/ARNavigation1/Assets/Standard Assets/Environment/SpeedTree/Conifer/Conifer_Desktop Materials/LOD1/Branches_0.mat (ext=.mat, size=1148)
2025-12-29 06:16:10,251 - Knowledge - INFO - Fast-tracked /app/data/T0015/301866/b3381ao/ARNavigation/ARNavigation1/Assets/Standard Assets/Environment/SpeedTree/Conifer/Conifer_Desktop Materials/LOD2/Branches_0.mat (ext=.mat, size=1148)
2025-12-29 06:16:10,427 - Knowledge - INFO - Fast-tracked /app/data/T0015/301866/b3381ao/ARNavigation/ARNavigation1/Assets/Standard Assets/Environment/SpeedTree/Conifer/Conifer_Desktop Materials/LOD0/Branches_0.mat (ext=.mat, size=1148)
2025-12-29 06:16:10,522 - Knowledge - INFO - process ingested knowledge for /app/data/T0015/301866/b3381ao/ARNavigation/ARNavigation1/Assets/Standard Assets/Utility/ForcedReset.cs
2025-12-29 06:16:10,612 - Knowledge - INFO - Fast-tracked /app/data/T0015/301866/b3381ao/ARNavigation/ARNavigation1/Assets/Standard Assets/Environment/Water/Water/Scripts/SpecularLighting.cs (ext=.cs, size=832)
2025-12-29 06:16:10,711 - Knowledge - INFO - done ingest for /app/data/T0015/301866/b3381ao/ARNavigation/ARNavigation1/Assets/Standard Assets/Utility/TimedObjectActivator.cs
2025-12-29 06:16:10,711 - Knowledge - INFO - Worker kw20 processing /app/data/T0015/301866/b3381ao/ARNavigation/ARNavigation1/Assets/Standard Assets/Environment/Water/Water/Scripts/GerstnerDisplace.cs
2025-12-29 06:16:10,711 - Knowledge - INFO - [LLM_CALL] Completed: WaterBasicNighttime.mat:chunk1, Duration: 3977ms, PromptTokens: 4698, CompletionTokens: 59, Cost: $0.00049
2025-12-29 06:16:10,797 - Knowledge - INFO - Fast-tracked /app/data/T0015/301866/b3381ao/ARNavigation/ARNavigation1/Assets/Standard Assets/Environment/SpeedTree/Palm/Palm_Desktop Materials/LOD0/Branches_0.mat (ext=.mat, size=1210)
2025-12-29 06:16:10,888 - Knowledge - INFO - Fast-tracked /app/data/T0015/301866/b3381ao/ARNavigation/ARNavigation1/Assets/Standard Assets/Environment/SpeedTree/Broadleaf/Broadleaf_Desktop Materials/LOD0/FacingLeaves_4.mat (ext=.mat, size=1150)
2025-12-29 06:16:10,969 - Knowledge - INFO - Worker kw14 processing /app/data/T0015/301866/b3381ao/ARNavigation/ARNavigation1/Assets/Standard Assets/Environment/SpeedTree/Palm/Palm_Desktop Materials/LOD2/Fronds_2.mat
2025-12-29 06:16:11,077 - Knowledge - INFO - Worker kw16 processing /app/data/T0015/301866/b3381ao/ARNavigation/ARNavigation1/Assets/Standard Assets/Environment/SpeedTree/Conifer/Conifer_Desktop Materials/LOD1/Fronds_2.mat
2025-12-29 06:16:11,165 - Knowledge - INFO - Worker kw17 processing /app/data/T0015/301866/b3381ao/ARNavigation/ARNavigation1/Assets/Standard Assets/Environment/SpeedTree/Conifer/Conifer_Desktop Materials/Billboard.mat
2025-12-29 06:16:11,248 - Knowledge - INFO - Worker kw18 processing /app/data/T0015/301866/b3381ao/ARNavigation/ARNavigation1/Assets/Standard Assets/Environment/SpeedTree/Conifer/Conifer_Desktop Materials/LOD0/Fronds_2.mat
2025-12-29 06:16:11,375 - Knowledge - INFO - process ingested knowledge for /app/data/T0015/301866/b3381ao/ARNavigation/ARNavigation1/Assets/Standard Assets/Utility/AutoMoveAndRotate.cs
2025-12-29 06:16:11,494 - Knowledge - INFO - Worker kw19 processing /app/data/T0015/301866/b3381ao/ARNavigation/ARNavigation1/Assets/Standard Assets/Environment/Water/Water/Scripts/Displace.cs
2025-12-29 06:16:11,721 - Knowledge - INFO - Fast-tracked /app/data/T0015/301866/b3381ao/ARNavigation/ARNavigation1/Assets/Standard Assets/Environment/Water/Water/Scripts/GerstnerDisplace.cs (ext=.cs, size=196)
2025-12-29 06:16:11,811 - Knowledge - INFO - done ingest for /app/data/T0015/301866/b3381ao/ARNavigation/ARNavigation1/Assets/Standard Assets/Environment/Water (Basic)/Materials/WaterBasicNighttime.mat
2025-12-29 06:16:11,811 - Knowledge - INFO - [LLM_CALL] Completed: WaypointCircuit.cs:chunk1, Duration: 16938ms, PromptTokens: 5794, CompletionTokens: 783, Cost: $0.00089
2025-12-29 06:16:11,911 - Knowledge - INFO - Worker kw15 processing /app/data/T0015/301866/b3381ao/ARNavigation/ARNavigation1/Assets/Standard Assets/Environment/SpeedTree/Palm/Palm_Desktop Materials/LOD0/Fronds_2.mat
2025-12-29 06:16:12,102 - Knowledge - INFO - Fast-tracked /app/data/T0015/301866/b3381ao/ARNavigation/ARNavigation1/Assets/Standard Assets/Environment/SpeedTree/Palm/Palm_Desktop Materials/LOD2/Fronds_2.mat (ext=.mat, size=1145)
2025-12-29 06:16:12,187 - Knowledge - INFO - Fast-tracked /app/data/T0015/301866/b3381ao/ARNavigation/ARNavigation1/Assets/Standard Assets/Environment/SpeedTree/Conifer/Conifer_Desktop Materials/LOD1/Fronds_2.mat (ext=.mat, size=1145)
2025-12-29 06:16:12,278 - Knowledge - INFO - Fast-tracked /app/data/T0015/301866/b3381ao/ARNavigation/ARNavigation1/Assets/Standard Assets/Environment/SpeedTree/Conifer/Conifer_Desktop Materials/Billboard.mat (ext=.mat, size=1005)
2025-12-29 06:16:12,367 - Knowledge - INFO - Fast-tracked /app/data/T0015/301866/b3381ao/ARNavigation/ARNavigation1/Assets/Standard Assets/Environment/SpeedTree/Conifer/Conifer_Desktop Materials/LOD0/Fronds_2.mat (ext=.mat, size=1145)
2025-12-29 06:16:12,458 - Knowledge - INFO - process ingested knowledge for /app/data/T0015/301866/b3381ao/ARNavigation/ARNavigation1/Assets/Standard Assets/Utility/ParticleSystemDestroyer.cs
2025-12-29 06:16:12,536 - Knowledge - INFO - Fast-tracked /app/data/T0015/301866/b3381ao/ARNavigation/ARNavigation1/Assets/Standard Assets/Environment/Water/Water/Scripts/Displace.cs (ext=.cs, size=806)
2025-12-29 06:16:12,620 - Knowledge - INFO - Worker kw20 processing /app/data/T0015/301866/b3381ao/ARNavigation/ARNavigation1/Assets/Standard Assets/Environment/Water/Water/Scripts/Water.cs
2025-12-29 06:16:12,878 - Knowledge - INFO - done ingest for /app/data/T0015/301866/b3381ao/ARNavigation/ARNavigation1/Assets/Standard Assets/Utility/WaypointCircuit.cs
2025-12-29 06:16:12,881 - Knowledge - INFO - Processing batch of 5 files
2025-12-29 06:16:12,884 - Knowledge - INFO - Processing batch of 5 files
2025-12-29 06:16:12,885 - Knowledge - INFO - Processing batch of 5 files
2025-12-29 06:16:12,885 - Knowledge - INFO - Processing batch of 5 files
2025-12-29 06:16:12,885 - Knowledge - INFO - Processing batch of 5 files
2025-12-29 06:16:12,885 - Knowledge - INFO - Processing batch of 5 files
2025-12-29 06:16:12,885 - Knowledge - INFO - [LLM_CALL] Completed: WaterBasicDaytime.mat:chunk1, Duration: 9745ms, PromptTokens: 4602, CompletionTokens: 59, Cost: $0.00048
2025-12-29 06:16:12,966 - Knowledge - INFO - Fast-tracked /app/data/T0015/301866/b3381ao/ARNavigation/ARNavigation1/Assets/Standard Assets/Environment/SpeedTree/Palm/Palm_Desktop Materials/LOD0/Fronds_2.mat (ext=.mat, size=1145)
2025-12-29 06:16:13,125 - Knowledge - INFO - Worker kw16 processing /app/data/T0015/301866/b3381ao/ARNavigation/ARNavigation1/Assets/Standard Assets/Environment/SpeedTree/Conifer/Conifer_Desktop Materials/LOD2/Leaves_3.mat
2025-12-29 06:16:13,219 - Knowledge - INFO - Worker kw17 processing /app/data/T0015/301866/b3381ao/ARNavigation/ARNavigation1/Assets/Standard Assets/Environment/SpeedTree/Conifer/Conifer_Desktop Materials/LOD0/Leaves_3.mat
2025-12-29 06:16:13,333 - Knowledge - INFO - Worker kw18 processing /app/data/T0015/301866/b3381ao/ARNavigation/ARNavigation1/Assets/Standard Assets/Environment/Water/Water/Scripts/MeshContainer.cs
2025-12-29 06:16:13,431 - Knowledge - INFO - process ingested knowledge for /app/data/T0015/301866/b3381ao/ARNavigation/ARNavigation1/Assets/Standard Assets/Utility/FollowTarget.cs
2025-12-29 06:16:13,508 - Knowledge - INFO - Worker kw19 processing /app/data/T0015/301866/b3381ao/ARNavigation/ARNavigation1/Assets/Standard Assets/Environment/Water/Water/Scripts/WaterTile.cs
2025-12-29 06:16:13,598 - Knowledge - INFO - Worker kw20 processing /app/data/T0015/301866/b3381ao/ARNavigation/ARNavigation1/Assets/Standard Assets/Environment/Water/Water/Materials/WaterPlaneMaterial.mat
2025-12-29 06:16:13,797 - Knowledge - INFO - process ingested knowledge for /app/data/T0015/301866/b3381ao/ARNavigation/ARNavigation1/Assets/Standard Assets/Environment/SpeedTree/Broadleaf/Broadleaf_Desktop Materials/LOD1/Branches_1.mat
2025-12-29 06:16:13,910 - Knowledge - INFO - process ingested knowledge for /app/data/T0015/301866/b3381ao/ARNavigation/ARNavigation1/Assets/Standard Assets/Utility/SmoothFollow.cs
2025-12-29 06:16:14,031 - Knowledge - INFO - process ingested knowledge for /app/data/T0015/301866/b3381ao/ARNavigation/ARNavigation1/Assets/Standard Assets/Environment/SpeedTree/Broadleaf/Broadleaf_Desktop Materials/LOD2/Branches_1.mat
2025-12-29 06:16:14,134 - Knowledge - INFO - process ingested knowledge for /app/data/T0015/301866/b3381ao/ARNavigation/ARNavigation1/Assets/Standard Assets/Effects/Projectors/Materials/ShadowProjector.mat
2025-12-29 06:16:14,253 - Knowledge - INFO - process ingested knowledge for /app/data/T0015/301866/b3381ao/ARNavigation/ARNavigation1/Assets/Standard Assets/Utility/FPSCounter.cs
2025-12-29 06:16:14,364 - Knowledge - INFO - process ingested knowledge for /app/data/T0015/301866/b3381ao/ARNavigation/ARNavigation1/Assets/Standard Assets/Environment/SpeedTree/Broadleaf/Broadleaf_Desktop Materials/LOD0/Leaves_3.mat
2025-12-29 06:16:14,452 - Knowledge - INFO - done ingest for /app/data/T0015/301866/b3381ao/ARNavigation/ARNavigation1/Assets/Standard Assets/Environment/Water (Basic)/Materials/WaterBasicDaytime.mat
2025-12-29 06:16:14,452 - Knowledge - INFO - [kw4] Queue=81, InProgress=0, PendingWorkers=20/20, Completed=65/178 (36.5%)
2025-12-29 06:16:14,452 - Knowledge - INFO - Processing batch of 5 files
2025-12-29 06:16:14,453 - Knowledge - INFO - Processing batch of 5 files
2025-12-29 06:16:14,453 - Knowledge - INFO - Processing batch of 5 files
2025-12-29 06:16:14,454 - Knowledge - INFO - [WEBSOCKET] Sent: Type=progress_update, Size: 290, Duration: 2ms
2025-12-29 06:16:14,642 - Knowledge - INFO - Fast-tracked /app/data/T0015/301866/b3381ao/ARNavigation/ARNavigation1/Assets/Standard Assets/Environment/SpeedTree/Conifer/Conifer_Desktop Materials/LOD2/Leaves_3.mat (ext=.mat, size=1144)
2025-12-29 06:16:14,737 - Knowledge - INFO - Fast-tracked /app/data/T0015/301866/b3381ao/ARNavigation/ARNavigation1/Assets/Standard Assets/Environment/SpeedTree/Conifer/Conifer_Desktop Materials/LOD0/Leaves_3.mat (ext=.mat, size=1144)
2025-12-29 06:16:14,832 - Knowledge - INFO - Fast-tracked /app/data/T0015/301866/b3381ao/ARNavigation/ARNavigation1/Assets/Standard Assets/Environment/Water/Water/Scripts/MeshContainer.cs (ext=.cs, size=511)
2025-12-29 06:16:14,911 - Knowledge - INFO - process ingested knowledge for /app/data/T0015/301866/b3381ao/ARNavigation/ARNavigation1/Assets/Standard Assets/Utility/AutoMobileShaderSwitch.cs
2025-12-29 06:16:14,992 - Knowledge - INFO - Fast-tracked /app/data/T0015/301866/b3381ao/ARNavigation/ARNavigation1/Assets/Standard Assets/Environment/Water/Water/Scripts/WaterTile.cs (ext=.cs, size=1555)
2025-12-29 06:16:15,067 - Knowledge - INFO - Worker kw20 processing /app/data/T0015/301866/b3381ao/ARNavigation/ARNavigation1/Assets/Standard Assets/Environment/Water/Water/Materials/WaterProDaytime.mat
2025-12-29 06:16:15,138 - Knowledge - INFO - process ingested knowledge for /app/data/T0015/301866/b3381ao/ARNavigation/ARNavigation1/Assets/Standard Assets/Environment/SpeedTree/Broadleaf/Broadleaf_Desktop Materials/LOD1/Branches_0.mat
2025-12-29 06:16:15,221 - Knowledge - INFO - process ingested knowledge for /app/data/T0015/301866/b3381ao/ARNavigation/ARNavigation1/Assets/Standard Assets/Utility/FOVKick.cs
2025-12-29 06:16:15,311 - Knowledge - INFO - process ingested knowledge for /app/data/T0015/301866/b3381ao/ARNavigation/ARNavigation1/Assets/Standard Assets/Environment/SpeedTree/Broadleaf/Broadleaf_Desktop Materials/LOD2/Branches_0.mat
2025-12-29 06:16:15,399 - Knowledge - INFO - process ingested knowledge for /app/data/T0015/301866/b3381ao/ARNavigation/ARNavigation1/Assets/Standard Assets/Effects/Projectors/Materials/GridProjector.mat
2025-12-29 06:16:15,498 - Knowledge - INFO - process ingested knowledge for /app/data/T0015/301866/b3381ao/ARNavigation/ARNavigation1/Assets/Standard Assets/Utility/TimedObjectActivator.cs
2025-12-29 06:16:15,579 - Knowledge - INFO - process ingested knowledge for /app/data/T0015/301866/b3381ao/ARNavigation/ARNavigation1/Assets/Standard Assets/Environment/SpeedTree/Broadleaf/Broadleaf_Desktop Materials/LOD0/Branches_1.mat
2025-12-29 06:16:15,768 - Knowledge - INFO - Batch sizing: calculated=4, max_allowed=10, queue=81, active_workers=20/20
2025-12-29 06:16:15,904 - Knowledge - INFO - process ingested knowledge for /app/data/T0015/301866/b3381ao/ARNavigation/ARNavigation1/Assets/Standard Assets/Environment/SpeedTree/Broadleaf/Broadleaf_Mobile Materials/LOD2/Branches_0.mat
2025-12-29 06:16:15,985 - Knowledge - INFO - process ingested knowledge for /app/data/T0015/301866/b3381ao/ARNavigation/ARNavigation1/Assets/Standard Assets/Environment/SpeedTree/Palm/Palm_Desktop Materials/LOD1/Leaves_3.mat
2025-12-29 06:16:16,075 - Knowledge - INFO - process ingested knowledge for /app/data/T0015/301866/b3381ao/ARNavigation/ARNavigation1/Assets/Standard Assets/Utility/CameraRefocus.cs
2025-12-29 06:16:16,156 - Knowledge - INFO - [WEBSOCKET] Sent: Type=unknown, Size: ?, Duration: 1704ms
2025-12-29 06:16:16,370 - Knowledge - INFO - Worker kw17 processing /app/data/T0015/301866/b3381ao/ARNavigation/ARNavigation1/Assets/Standard Assets/Environment/SpeedTree/Conifer/Conifer_Desktop Materials/LOD0/Branches_1.mat
2025-12-29 06:16:16,476 - Knowledge - INFO - Worker kw18 processing /app/data/T0015/301866/b3381ao/ARNavigation/ARNavigation1/Assets/Standard Assets/Environment/Water/Water/Scripts/WaterBase.cs
2025-12-29 06:16:16,677 - Knowledge - INFO - Worker kw19 processing /app/data/T0015/301866/b3381ao/ARNavigation/ARNavigation1/Assets/Standard Assets/Environment/Water/Water/Scripts/PlanarReflection.cs
2025-12-29 06:16:16,941 - Knowledge - INFO - process ingested knowledge for /app/data/T0015/301866/b3381ao/ARNavigation/ARNavigation1/Assets/Standard Assets/Environment/SpeedTree/Broadleaf/Broadleaf_Desktop Materials/LOD1/Fronds_2.mat
2025-12-29 06:16:17,003 - Knowledge - INFO - process ingested knowledge for /app/data/T0015/301866/b3381ao/ARNavigation/ARNavigation1/Assets/Standard Assets/Utility/ActivateTrigger.cs
2025-12-29 06:16:17,092 - Knowledge - INFO - process ingested knowledge for /app/data/T0015/301866/b3381ao/ARNavigation/ARNavigation1/Assets/Standard Assets/Environment/SpeedTree/Broadleaf/Broadleaf_Desktop Materials/LOD2/Fronds_2.mat
2025-12-29 06:16:17,185 - Knowledge - INFO - process ingested knowledge for /app/data/T0015/301866/b3381ao/ARNavigation/ARNavigation1/Assets/Standard Assets/Effects/Projectors/Guidelines.txt
2025-12-29 06:16:17,295 - Knowledge - INFO - process ingested knowledge for /app/data/T0015/301866/b3381ao/ARNavigation/ARNavigation1/Assets/Standard Assets/Utility/DragRigidbody.cs
2025-12-29 06:16:17,380 - Knowledge - INFO - process ingested knowledge for /app/data/T0015/301866/b3381ao/ARNavigation/ARNavigation1/Assets/Standard Assets/Environment/SpeedTree/Broadleaf/Broadleaf_Desktop Materials/LOD0/Branches_0.mat
2025-12-29 06:16:17,579 - Knowledge - INFO - process ingested knowledge for /app/data/T0015/301866/b3381ao/ARNavigation/ARNavigation1/Assets/Standard Assets/Environment/SpeedTree/Broadleaf/Broadleaf_Mobile Materials/Billboard.mat
2025-12-29 06:16:17,662 - Knowledge - INFO - process ingested knowledge for /app/data/T0015/301866/b3381ao/ARNavigation/ARNavigation1/Assets/Standard Assets/Environment/SpeedTree/Palm/Palm_Desktop Materials/LOD1/Branches_0.mat
2025-12-29 06:16:17,734 - Knowledge - INFO - process ingested knowledge for /app/data/T0015/301866/b3381ao/ARNavigation/ARNavigation1/Assets/Standard Assets/Utility/WaypointCircuit.cs
2025-12-29 06:16:17,824 - Knowledge - INFO - Progress: 19.7% | Files: 80/178 | Rate: 2.36 files/sec | Queue: 77
2025-12-29 06:16:17,825 - Knowledge - INFO - Processing batch of 5 files
2025-12-29 06:16:17,825 - Knowledge - INFO - Processing batch of 5 files
2025-12-29 06:16:17,826 - Knowledge - INFO - Progress: 30.9% | Files: 80/178 | Rate: 2.15 files/sec | Queue: 77
2025-12-29 06:16:17,826 - Knowledge - INFO - Processing batch of 5 files
2025-12-29 06:16:17,826 - Knowledge - INFO - Async storing batch of 5 embeddings
2025-12-29 06:16:17,826 - Knowledge - INFO - [WEBSOCKET] Sent: Type=progress_update, Size: 289, Duration: 0ms
2025-12-29 06:16:17,925 - Knowledge - INFO - Fast-tracked /app/data/T0015/301866/b3381ao/ARNavigation/ARNavigation1/Assets/Standard Assets/Environment/SpeedTree/Conifer/Conifer_Desktop Materials/LOD0/Branches_1.mat (ext=.mat, size=1210)
2025-12-29 06:16:18,010 - Knowledge - INFO - Fast-tracked /app/data/T0015/301866/b3381ao/ARNavigation/ARNavigation1/Assets/Standard Assets/Environment/Water/Water/Scripts/WaterBase.cs (small file (2137 bytes))
2025-12-29 06:16:18,176 - Knowledge - INFO - process ingested knowledge for /app/data/T0015/301866/b3381ao/ARNavigation/ARNavigation1/Assets/Standard Assets/Environment/SpeedTree/Broadleaf/Broadleaf_Desktop Materials/LOD1/FacingLeaves_4.mat
2025-12-29 06:16:18,268 - Knowledge - INFO - process ingested knowledge for /app/data/T0015/301866/b3381ao/ARNavigation/ARNavigation1/Assets/Standard Assets/Utility/ObjectResetter.cs
2025-12-29 06:16:18,362 - Knowledge - INFO - process ingested knowledge for /app/data/T0015/301866/b3381ao/ARNavigation/ARNavigation1/Assets/Standard Assets/Environment/SpeedTree/Broadleaf/Broadleaf_Desktop Materials/LOD2/FacingLeaves_4.mat
2025-12-29 06:16:18,495 - Knowledge - INFO - process ingested knowledge for /app/data/T0015/301866/b3381ao/ARNavigation/ARNavigation1/Assets/Standard Assets/Effects/GlassRefraction/Materials/GlassRefractive.mat
2025-12-29 06:16:18,573 - Knowledge - INFO - process ingested knowledge for /app/data/T0015/301866/b3381ao/ARNavigation/ARNavigation1/Assets/Standard Assets/Environment/Water (Basic)/Scripts/WaterBasic.cs
2025-12-29 06:16:18,674 - Knowledge - INFO - process ingested knowledge for /app/data/T0015/301866/b3381ao/ARNavigation/ARNavigation1/Assets/Standard Assets/Environment/SpeedTree/Broadleaf/Broadleaf_Desktop Materials/LOD0/Fronds_2.mat
2025-12-29 06:16:18,771 - Knowledge - INFO - process ingested knowledge for /app/data/T0015/301866/b3381ao/ARNavigation/ARNavigation1/Assets/Standard Assets/Environment/SpeedTree/Broadleaf/Broadleaf_Mobile Materials/LOD0/Leaves_1.mat
2025-12-29 06:16:18,858 - Knowledge - INFO - process ingested knowledge for /app/data/T0015/301866/b3381ao/ARNavigation/ARNavigation1/Assets/Standard Assets/Environment/SpeedTree/Palm/Palm_Desktop Materials/LOD1/Fronds_2.mat
2025-12-29 06:16:18,963 - Knowledge - INFO - process ingested knowledge for /app/data/T0015/301866/b3381ao/ARNavigation/ARNavigation1/Assets/Standard Assets/Utility/CurveControlledBob.cs
2025-12-29 06:16:19,089 - Knowledge - INFO - [kw1] Queue=77, InProgress=0, PendingWorkers=20/20, Completed=80/178 (44.9%)
2025-12-29 06:16:19,181 - Knowledge - INFO - process ingested knowledge for /app/data/T0015/301866/b3381ao/ARNavigation/ARNavigation1/Assets/Standard Assets/Environment/Water (Basic)/Materials/WaterBasicDaytime.mat
2025-12-29 06:16:19,269 - Knowledge - INFO - process ingested knowledge for /app/data/T0015/301866/b3381ao/ARNavigation/ARNavigation1/Assets/Standard Assets/Environment/SpeedTree/Palm/Palm_Desktop Materials/Billboard.mat
2025-12-29 06:16:19,343 - Knowledge - INFO - [kw2] Queue=77, InProgress=0, PendingWorkers=20/20, Completed=80/178 (44.9%)
2025-12-29 06:16:19,421 - Knowledge - INFO - process ingested knowledge for /app/data/T0015/301866/b3381ao/ARNavigation/ARNavigation1/Assets/Standard Assets/Environment/SpeedTree/Conifer/Conifer_Desktop Materials/LOD1/Leaves_3.mat
2025-12-29 06:16:19,544 - Knowledge - INFO - Worker kw4 processing /app/data/T0015/301866/b3381ao/ARNavigation/ARNavigation1/Assets/Standard Assets/Environment/Water/Water/Materials/WaterProNighttime.mat
2025-12-29 06:16:19,624 - Knowledge - INFO - [WEBSOCKET] Sent: Type=unknown, Size: ?, Duration: 1798ms
2025-12-29 06:16:19,887 - Knowledge - INFO - process ingested knowledge for /app/data/T0015/301866/b3381ao/ARNavigation/ARNavigation1/Assets/Standard Assets/Environment/SpeedTree/Broadleaf/Broadleaf_Desktop Materials/LOD2/Leaves_3.mat
2025-12-29 06:16:19,969 - Knowledge - INFO - process ingested knowledge for /app/data/T0015/301866/b3381ao/ARNavigation/ARNavigation1/Assets/Standard Assets/Utility/TimedObjectDestructor.cs
2025-12-29 06:16:20,082 - Knowledge - INFO - process ingested knowledge for /app/data/T0015/301866/b3381ao/ARNavigation/ARNavigation1/Assets/Standard Assets/Environment/SpeedTree/Broadleaf/Broadleaf_Desktop Materials/Billboard.mat
2025-12-29 06:16:20,201 - Knowledge - INFO - process ingested knowledge for /app/data/T0015/301866/b3381ao/ARNavigation/ARNavigation1/Assets/Standard Assets/Utility/WaypointProgressTracker.cs
2025-12-29 06:16:20,276 - Knowledge - INFO - process ingested knowledge for /app/data/T0015/301866/b3381ao/ARNavigation/ARNavigation1/Assets/Standard Assets/Environment/Water (Basic)/Materials/WaterDefault.mat
2025-12-29 06:16:20,394 - Knowledge - INFO - process ingested knowledge for /app/data/T0015/301866/b3381ao/ARNavigation/ARNavigation1/Assets/Standard Assets/Environment/SpeedTree/Broadleaf/Broadleaf_Desktop Materials/LOD0/FacingLeaves_4.mat
2025-12-29 06:16:20,507 - Knowledge - INFO - process ingested knowledge for /app/data/T0015/301866/b3381ao/ARNavigation/ARNavigation1/Assets/Standard Assets/Environment/SpeedTree/Broadleaf/Broadleaf_Mobile Materials/LOD0/Branches_0.mat
2025-12-29 06:16:20,589 - Knowledge - INFO - process ingested knowledge for /app/data/T0015/301866/b3381ao/ARNavigation/ARNavigation1/Assets/Standard Assets/Environment/SpeedTree/Palm/Palm_Desktop Materials/LOD2/Branches_0.mat
2025-12-29 06:16:20,685 - Knowledge - INFO - process ingested knowledge for /app/data/T0015/301866/b3381ao/ARNavigation/ARNavigation1/Assets/Standard Assets/Utility/SimpleMouseRotator.cs
2025-12-29 06:16:20,771 - Knowledge - INFO - Batch sizing: calculated=4, max_allowed=10, queue=77, active_workers=20/20
2025-12-29 06:16:20,852 - Knowledge - INFO - process ingested knowledge for /app/data/T0015/301866/b3381ao/ARNavigation/ARNavigation1/Assets/Standard Assets/Environment/Water (Basic)/Materials/WaterBasicNighttime.mat
2025-12-29 06:16:20,953 - Knowledge - INFO - process ingested knowledge for /app/data/T0015/301866/b3381ao/ARNavigation/ARNavigation1/Assets/Standard Assets/Environment/SpeedTree/Palm/Palm_Desktop Materials/LOD0/Leaves_3.mat
2025-12-29 06:16:21,034 - Knowledge - INFO - Batch sizing: calculated=4, max_allowed=10, queue=77, active_workers=20/20
2025-12-29 06:16:21,115 - Knowledge - INFO - process ingested knowledge for /app/data/T0015/301866/b3381ao/ARNavigation/ARNavigation1/Assets/Standard Assets/Environment/SpeedTree/Conifer/Conifer_Desktop Materials/LOD1/Branches_1.mat
2025-12-29 06:16:21,217 - Knowledge - INFO - Worker kw4 processing /app/data/T0015/301866/b3381ao/ARNavigation/ARNavigation1/Assets/Standard Assets/Environment/Water/Water4/Materials/Water4Simple.mat
2025-12-29 06:16:21,322 - Knowledge - INFO - Progress: 44.9% | Files: 89/178 | Rate: 2.11 files/sec | Queue: 77
2025-12-29 06:16:21,324 - Knowledge - INFO - Processing batch of 5 files
2025-12-29 06:16:21,324 - Knowledge - INFO - Processing batch of 4 files
2025-12-29 06:16:22,112 - Knowledge - INFO - process ingested knowledge for /app/data/T0015/301866/b3381ao/ARNavigation/ARNavigation1/Assets/Standard Assets/Environment/SpeedTree/Broadleaf/Broadleaf_Desktop Materials/LOD1/Leaves_3.mat
2025-12-29 06:16:22,430 - Knowledge - INFO - process ingested knowledge for /app/data/T0015/301866/b3381ao/ARNavigation/ARNavigation1/Assets/Standard Assets/Environment/SpeedTree/Palm/Palm_Desktop Materials/LOD2/Fronds_2.mat
2025-12-29 06:16:22,561 - Knowledge - INFO - Async storing batch of 5 embeddings
2025-12-29 06:16:22,687 - Knowledge - INFO - process ingested knowledge for /app/data/T0015/301866/b3381ao/ARNavigation/ARNavigation1/Assets/Standard Assets/Environment/SpeedTree/Broadleaf/Broadleaf_Mobile Materials/LOD1/Leaves_1.mat
2025-12-29 06:16:22,745 - Knowledge - INFO - Worker kw4 processing /app/data/T0015/301866/b3381ao/ARNavigation/ARNavigation1/Assets/Standard Assets/Environment/Water/Water4/Materials/OceanPlaneMaterial.mat
2025-12-29 06:16:22,791 - Knowledge - INFO - process ingested knowledge for /app/data/T0015/301866/b3381ao/ARNavigation/ARNavigation1/Assets/Standard Assets/Utility/PlatformSpecificContent.cs
2025-12-29 06:16:22,965 - Knowledge - INFO - [WEBSOCKET] Sent: Type=progress_update, Size: 271, Duration: 0ms
2025-12-29 06:16:22,965 - Knowledge - INFO - process ingested knowledge for /app/data/T0015/301866/b3381ao/ARNavigation/ARNavigation1/Assets/Standard Assets/Environment/SpeedTree/Conifer/Conifer_Desktop Materials/LOD1/Branches_0.mat
2025-12-29 06:16:22,997 - Knowledge - INFO - process ingested knowledge for /app/data/T0015/301866/b3381ao/ARNavigation/ARNavigation1/Assets/Standard Assets/Environment/SpeedTree/Conifer/Conifer_Desktop Materials/LOD2/Branches_1.mat
2025-12-29 06:16:23,087 - Knowledge - INFO - process ingested knowledge for /app/data/T0015/301866/b3381ao/ARNavigation/ARNavigation1/Assets/Standard Assets/Environment/SpeedTree/Conifer/Conifer_Desktop Materials/LOD0/Branches_0.mat
2025-12-29 06:16:23,102 - Knowledge - INFO - [kw6] Queue=73, InProgress=0, PendingWorkers=20/20, Completed=89/178 (50.0%)
2025-12-29 06:16:23,102 - Knowledge - INFO - process ingested knowledge for /app/data/T0015/301866/b3381ao/ARNavigation/ARNavigation1/Assets/Standard Assets/Environment/SpeedTree/Palm/Palm_Desktop Materials/LOD0/Branches_1.mat
2025-12-29 06:16:23,102 - Knowledge - INFO - [kw7] Queue=73, InProgress=0, PendingWorkers=20/20, Completed=89/178 (50.0%)
2025-12-29 06:16:23,407 - Knowledge - INFO - Worker kw1 processing /app/data/T0015/301866/b3381ao/ARNavigation/ARNavigation1/Assets/Standard Assets/Editor/CrossPlatformInput/CrossPlatformInputInitialize.cs
2025-12-29 06:16:23,619 - Knowledge - INFO - Worker kw4 processing /app/data/T0015/301866/b3381ao/ARNavigation/ARNavigation1/Assets/Standard Assets/Environment/Water/Water4/Materials/Water4Advanced.mat
2025-12-29 06:16:23,691 - Knowledge - INFO - process ingested knowledge for /app/data/T0015/301866/b3381ao/ARNavigation/ARNavigation1/Assets/Standard Assets/Environment/SpeedTree/Broadleaf/Broadleaf_Mobile Materials/LOD1/Branches_0.mat
2025-12-29 06:16:23,830 - Knowledge - INFO - [LLM_CALL] Completed: WaterProDaytime.mat:chunk1, Duration: 2506ms, PromptTokens: 3276, CompletionTokens: 59, Cost: $0.00035
2025-12-29 06:16:24,034 - Knowledge - INFO - process ingested knowledge for /app/data/T0015/301866/b3381ao/ARNavigation/ARNavigation1/Assets/Standard Assets/Environment/SpeedTree/Conifer/Conifer_Desktop Materials/LOD1/Fronds_2.mat
2025-12-29 06:16:24,155 - Knowledge - INFO - process ingested knowledge for /app/data/T0015/301866/b3381ao/ARNavigation/ARNavigation1/Assets/Standard Assets/Environment/SpeedTree/Conifer/Conifer_Desktop Materials/LOD2/Branches_0.mat
2025-12-29 06:16:24,181 - Knowledge - INFO - Batch sizing: calculated=4, max_allowed=10, queue=73, active_workers=20/20
2025-12-29 06:16:24,285 - Knowledge - INFO - process ingested knowledge for /app/data/T0015/301866/b3381ao/ARNavigation/ARNavigation1/Assets/Standard Assets/Environment/SpeedTree/Conifer/Conifer_Desktop Materials/LOD0/Fronds_2.mat
2025-12-29 06:16:24,340 - Knowledge - INFO - process ingested knowledge for /app/data/T0015/301866/b3381ao/ARNavigation/ARNavigation1/Assets/Standard Assets/Environment/SpeedTree/Palm/Palm_Desktop Materials/LOD0/Branches_0.mat
2025-12-29 06:16:24,384 - Knowledge - INFO - Batch sizing: calculated=4, max_allowed=10, queue=73, active_workers=20/20
2025-12-29 06:16:24,465 - Knowledge - INFO - Worker kw1 processing /app/data/T0015/301866/b3381ao/ARNavigation/ARNavigation1/Assets/Standard Assets/CrossPlatformInput/Scripts/AxisTouchButton.cs
2025-12-29 06:16:24,559 - Knowledge - INFO - Async storage completed for 5 embeddings
2025-12-29 06:16:24,656 - Knowledge - INFO - process ingested knowledge for /app/data/T0015/301866/b3381ao/ARNavigation/ARNavigation1/Assets/Standard Assets/Environment/SpeedTree/Broadleaf/Broadleaf_Mobile Materials/LOD2/Leaves_1.mat
2025-12-29 06:16:24,758 - Knowledge - INFO - done ingest for /app/data/T0015/301866/b3381ao/ARNavigation/ARNavigation1/Assets/Standard Assets/Environment/Water/Water/Materials/WaterProDaytime.mat
2025-12-29 06:16:24,759 - Knowledge - INFO - [kw3] Queue=69, InProgress=0, PendingWorkers=20/20, Completed=89/178 (50.0%)
2025-12-29 06:16:24,759 - Knowledge - INFO - Async storing batch of 5 embeddings
2025-12-29 06:16:24,759 - Knowledge - INFO - [WEBSOCKET] Sent: Type=unknown, Size: ?, Duration: 1794ms
2025-12-29 06:16:24,853 - Knowledge - INFO - process ingested knowledge for /app/data/T0015/301866/b3381ao/ARNavigation/ARNavigation1/Assets/Standard Assets/Environment/SpeedTree/Conifer/Conifer_Desktop Materials/LOD2/Leaves_3.mat
2025-12-29 06:16:24,927 - Knowledge - INFO - process ingested knowledge for /app/data/T0015/301866/b3381ao/ARNavigation/ARNavigation1/Assets/Standard Assets/Environment/SpeedTree/Conifer/Conifer_Desktop Materials/Billboard.mat
2025-12-29 06:16:25,100 - Knowledge - INFO - process ingested knowledge for /app/data/T0015/301866/b3381ao/ARNavigation/ARNavigation1/Assets/Standard Assets/Environment/Water/Water/Scripts/MeshContainer.cs
2025-12-29 06:16:25,212 - Knowledge - INFO - process ingested knowledge for /app/data/T0015/301866/b3381ao/ARNavigation/ARNavigation1/Assets/Standard Assets/Environment/SpeedTree/Palm/Palm_Desktop Materials/LOD0/Fronds_2.mat
2025-12-29 06:16:25,367 - Knowledge - INFO - Worker kw1 processing /app/data/T0015/301866/b3381ao/ARNavigation/ARNavigation1/Assets/Standard Assets/CrossPlatformInput/Scripts/Joystick.cs
2025-12-29 06:16:25,776 - Knowledge - INFO - Batch sizing: calculated=4, max_allowed=10, queue=69, active_workers=20/20
2025-12-29 06:16:25,881 - Knowledge - INFO - Worker kw2 processing /app/data/T0015/301866/b3381ao/ARNavigation/ARNavigation1/Assets/Standard Assets/CrossPlatformInput/Scripts/CrossPlatformInputManager.cs
2025-12-29 06:16:26,096 - Knowledge - INFO - Progress: 50.0% | Files: 89/178 | Rate: 1.90 files/sec | Queue: 61
2025-12-29 06:16:26,113 - Knowledge - INFO - Async storing batch of 5 embeddings
2025-12-29 06:16:26,113 - Knowledge - INFO - [LLM_CALL] Completed: WaterPlaneMaterial.mat:chunk1, Duration: 6491ms, PromptTokens: 3152, CompletionTokens: 59, Cost: $0.00034
2025-12-29 06:16:26,155 - Knowledge - INFO - [kw14] Queue=61, InProgress=0, PendingWorkers=20/20, Completed=89/178 (50.0%)
2025-12-29 06:16:26,156 - Knowledge - INFO - [kw8] Queue=61, InProgress=0, PendingWorkers=20/20, Completed=89/178 (50.0%)
2025-12-29 06:16:26,156 - Knowledge - INFO - [kw13] Queue=61, InProgress=0, PendingWorkers=20/20, Completed=89/178 (50.0%)
2025-12-29 06:16:26,156 - Knowledge - INFO - [kw5] Queue=61, InProgress=0, PendingWorkers=20/20, Completed=89/178 (50.0%)
2025-12-29 06:16:26,342 - Knowledge - INFO - process ingested knowledge for /app/data/T0015/301866/b3381ao/ARNavigation/ARNavigation1/Assets/Standard Assets/Environment/SpeedTree/Conifer/Conifer_Desktop Materials/LOD0/Leaves_3.mat
2025-12-29 06:16:26,424 - Knowledge - INFO - process ingested knowledge for /app/data/T0015/301866/b3381ao/ARNavigation/ARNavigation1/Assets/Standard Assets/Environment/Water/Water/Scripts/WaterBase.cs
2025-12-29 06:16:26,575 - Knowledge - INFO - Worker kw1 processing /app/data/T0015/301866/b3381ao/ARNavigation/ARNavigation1/Assets/Standard Assets/CrossPlatformInput/Scripts/TouchPad.cs
2025-12-29 06:16:26,731 - Knowledge - INFO - Worker kw2 processing /app/data/T0015/301866/b3381ao/ARNavigation/ARNavigation1/Assets/Standard Assets/CrossPlatformInput/Scripts/ButtonHandler.cs
2025-12-29 06:16:26,816 - Knowledge - INFO - [kw11] Queue=57, InProgress=0, PendingWorkers=20/20, Completed=89/178 (50.0%)
2025-12-29 06:16:26,922 - Knowledge - INFO - Worker kw7 processing /app/data/T0015/301866/b3381ao/ARNavigation/ARNavigation1/Assets/Standard Assets/CrossPlatformInput/CrossPlatformInputGuidelines.txt
2025-12-29 06:16:27,004 - Knowledge - INFO - done ingest for /app/data/T0015/301866/b3381ao/ARNavigation/ARNavigation1/Assets/Standard Assets/Environment/Water/Water/Materials/WaterPlaneMaterial.mat
2025-12-29 06:16:27,004 - Knowledge - INFO - [kw10] Queue=57, InProgress=0, PendingWorkers=20/20, Completed=89/178 (50.0%)
2025-12-29 06:16:27,004 - Knowledge - INFO - [LLM_CALL] Completed: PlanarReflection.cs:chunk1, Duration: 7382ms, PromptTokens: 4836, CompletionTokens: 902, Cost: $0.00084
2025-12-29 06:16:27,092 - Knowledge - INFO - Batch sizing: calculated=4, max_allowed=10, queue=61, active_workers=20/20
2025-12-29 06:16:27,181 - Knowledge - INFO - Batch sizing: calculated=4, max_allowed=10, queue=61, active_workers=20/20
2025-12-29 06:16:27,284 - Knowledge - INFO - Batch sizing: calculated=4, max_allowed=10, queue=61, active_workers=20/20
2025-12-29 06:16:27,374 - Knowledge - INFO - Batch sizing: calculated=4, max_allowed=10, queue=61, active_workers=20/20
2025-12-29 06:16:27,460 - Knowledge - INFO - process ingested knowledge for /app/data/T0015/301866/b3381ao/ARNavigation/ARNavigation1/Assets/Standard Assets/Environment/SpeedTree/Conifer/Conifer_Desktop Materials/LOD0/Branches_1.mat
2025-12-29 06:16:27,652 - Knowledge - INFO - Async storage completed for 5 embeddings
2025-12-29 06:16:27,733 - Knowledge - INFO - Fast-tracked /app/data/T0015/301866/b3381ao/ARNavigation/ARNavigation1/Assets/Standard Assets/CrossPlatformInput/Scripts/ButtonHandler.cs (ext=.cs, size=922)
2025-12-29 06:16:27,805 - Knowledge - INFO - Batch sizing: calculated=4, max_allowed=10, queue=57, active_workers=20/20
2025-12-29 06:16:27,884 - Knowledge - INFO - Fast-tracked /app/data/T0015/301866/b3381ao/ARNavigation/ARNavigation1/Assets/Standard Assets/CrossPlatformInput/CrossPlatformInputGuidelines.txt (ext=.txt, size=3884)
2025-12-29 06:16:28,163 - Knowledge - INFO - Batch sizing: calculated=4, max_allowed=10, queue=57, active_workers=20/20
2025-12-29 06:16:28,479 - Knowledge - INFO - done ingest for /app/data/T0015/301866/b3381ao/ARNavigation/ARNavigation1/Assets/Standard Assets/Environment/Water/Water/Scripts/PlanarReflection.cs
2025-12-29 06:16:28,479 - Knowledge - INFO - [kw12] Queue=57, InProgress=0, PendingWorkers=20/20, Completed=89/178 (50.0%)
2025-12-29 06:16:28,479 - Knowledge - INFO - Async storing batch of 5 embeddings
2025-12-29 06:16:28,482 - Knowledge - INFO - Async storing batch of 5 embeddings
2025-12-29 06:16:28,483 - Knowledge - INFO - [kw9] Queue=57, InProgress=0, PendingWorkers=20/20, Completed=89/178 (50.0%)
2025-12-29 06:16:28,483 - Knowledge - INFO - [kw16] Queue=57, InProgress=0, PendingWorkers=20/20, Completed=89/178 (50.0%)
2025-12-29 06:16:28,483 - Knowledge - INFO - [kw15] Queue=57, InProgress=0, PendingWorkers=20/20, Completed=89/178 (50.0%)
2025-12-29 06:16:28,483 - Knowledge - INFO - [kw18] Queue=57, InProgress=0, PendingWorkers=20/20, Completed=89/178 (50.0%)
2025-12-29 06:16:28,657 - Knowledge - INFO - Async storing batch of 5 embeddings
2025-12-29 06:16:28,789 - Knowledge - INFO - Async storing batch of 5 embeddings
2025-12-29 06:16:28,908 - Knowledge - INFO - Async storing batch of 5 embeddings
2025-12-29 06:16:29,066 - Knowledge - INFO - Async storing batch of 5 embeddings
2025-12-29 06:16:29,194 - Knowledge - INFO - [LLM_CALL] Completed: Water.cs:chunk1, Duration: 11368ms, PromptTokens: 7574, CompletionTokens: 813, Cost: $0.00108
2025-12-29 06:16:29,356 - Knowledge - INFO - Worker kw2 processing /app/data/T0015/301866/b3381ao/ARNavigation/ARNavigation1/Assets/Standard Assets/CrossPlatformInput/Scripts/TiltInput.cs
2025-12-29 06:16:29,512 - Knowledge - INFO - Worker kw7 processing /app/data/T0015/301866/b3381ao/ARNavigation/ARNavigation1/Assets/Models/GroundDepartment.mat
2025-12-29 06:16:29,804 - Knowledge - INFO - Batch sizing: calculated=4, max_allowed=10, queue=57, active_workers=20/20
2025-12-29 06:16:29,906 - Knowledge - INFO - Worker kw6 processing /app/data/T0015/301866/b3381ao/ARNavigation/ARNavigation1/Assets/Standard Assets/CrossPlatformInput/Scripts/VirtualInput.cs
2025-12-29 06:16:30,017 - Knowledge - INFO - Worker kw3 processing /app/data/T0015/301866/b3381ao/ARNavigation/ARNavigation1/Assets/Vuforia/Materials/GroundPlaneIndicator.mat
2025-12-29 06:16:30,138 - Knowledge - INFO - Batch sizing: calculated=4, max_allowed=10, queue=57, active_workers=20/20
2025-12-29 06:16:30,220 - Knowledge - INFO - Batch sizing: calculated=4, max_allowed=10, queue=57, active_workers=20/20
2025-12-29 06:16:30,305 - Knowledge - INFO - Batch sizing: calculated=4, max_allowed=10, queue=57, active_workers=20/20
2025-12-29 06:16:30,393 - Knowledge - INFO - Batch sizing: calculated=4, max_allowed=10, queue=57, active_workers=20/20
2025-12-29 06:16:30,495 - Knowledge - INFO - Worker kw14 processing /app/data/T0015/301866/b3381ao/ARNavigation/ARNavigation1/Assets/Vuforia/Materials/UserDefinedTarget.mat
2025-12-29 06:16:30,581 - Knowledge - INFO - Worker kw8 processing /app/data/T0015/301866/b3381ao/ARNavigation/ARNavigation1/Assets/Vuforia/Materials/ColoredLines.mat
2025-12-29 06:16:30,668 - Knowledge - INFO - Worker kw13 processing /app/data/T0015/301866/b3381ao/ARNavigation/ARNavigation1/Assets/Vuforia/Editor/Scripts/OpenSourceInitializer.cs
2025-12-29 06:16:30,748 - Knowledge - INFO - Worker kw5 processing /app/data/T0015/301866/b3381ao/ARNavigation/ARNavigation1/Assets/Materials/youarehere.mat
2025-12-29 06:16:30,835 - Knowledge - INFO - done ingest for /app/data/T0015/301866/b3381ao/ARNavigation/ARNavigation1/Assets/Standard Assets/Environment/Water/Water/Scripts/Water.cs
2025-12-29 06:16:30,836 - Knowledge - INFO - Async storing batch of 5 embeddings
2025-12-29 06:16:30,836 - Knowledge - INFO - Async storing batch of 5 embeddings
2025-12-29 06:16:30,837 - Knowledge - INFO - Processing batch of 4 files
2025-12-29 06:16:30,837 - Knowledge - INFO - [WEBSOCKET] Sent: Type=progress_update, Size: 271, Duration: 0ms
2025-12-29 06:16:30,923 - Knowledge - INFO - Worker kw2 processing /app/data/T0015/301866/b3381ao/ARNavigation/ARNavigation1/Assets/Standard Assets/CrossPlatformInput/Scripts/InputAxisScrollbar.cs
2025-12-29 06:16:31,010 - Knowledge - INFO - Worker kw7 processing /app/data/T0015/301866/b3381ao/ARNavigation/ARNavigation1/Assets/Vuforia/Scripts/DefaultTrackableEventHandler.cs
2025-12-29 06:16:31,205 - Knowledge - INFO - Worker kw6 processing /app/data/T0015/301866/b3381ao/ARNavigation/ARNavigation1/Assets/Standard Assets/CrossPlatformInput/Scripts/PlatformSpecific/MobileInput.cs
2025-12-29 06:16:31,276 - Knowledge - INFO - Worker kw3 processing /app/data/T0015/301866/b3381ao/ARNavigation/ARNavigation1/Assets/Vuforia/Materials/DefaultTarget.mat
2025-12-29 06:16:31,747 - Knowledge - INFO - Fast-tracked /app/data/T0015/301866/b3381ao/ARNavigation/ARNavigation1/Assets/Vuforia/Materials/UserDefinedTarget.mat (ext=.mat, size=785)
2025-12-29 06:16:31,837 - Knowledge - INFO - Fast-tracked /app/data/T0015/301866/b3381ao/ARNavigation/ARNavigation1/Assets/Vuforia/Materials/ColoredLines.mat (ext=.mat, size=692)
2025-12-29 06:16:31,967 - Knowledge - INFO - Worker kw13 processing /app/data/T0015/301866/b3381ao/ARNavigation/ARNavigation1/Assets/Vuforia/Editor/VirtualButtonTextures/VirtualButtonPreviewMaterial.mat
2025-12-29 06:16:32,085 - Knowledge - INFO - Fast-tracked /app/data/T0015/301866/b3381ao/ARNavigation/ARNavigation1/Assets/Materials/youarehere.mat (ext=.mat, size=1997)
2025-12-29 06:16:32,228 - Knowledge - INFO - Fast-tracked /app/data/T0015/301866/b3381ao/ARNavigation/ARNavigation1/Assets/Standard Assets/CrossPlatformInput/Scripts/AxisTouchButton.cs (small file (2302 bytes))
2025-12-29 06:16:32,310 - Knowledge - INFO - Worker kw11 processing /app/data/T0015/301866/b3381ao/ARNavigation/ARNavigation1/Assets/ScriptsPro/indoortouch.cs
2025-12-29 06:16:32,422 - Knowledge - INFO - Worker kw10 processing /app/data/T0015/301866/b3381ao/ARNavigation/ARNavigation1/Assets/Character/Olive_Tree/Olive_Source/Materials/Leaves.mat
2025-12-29 06:16:32,517 - Knowledge - INFO - process ingested knowledge for /app/data/T0015/301866/b3381ao/ARNavigation/ARNavigation1/Assets/Standard Assets/Environment/Water/Water/Scripts/SpecularLighting.cs
2025-12-29 06:16:32,640 - Knowledge - INFO - Async storing batch of 5 embeddings
2025-12-29 06:16:32,640 - Knowledge - INFO - [WEBSOCKET] Sent: Type=unknown, Size: ?, Duration: 1803ms
2025-12-29 06:16:32,640 - Knowledge - INFO - Async storing batch of 5 embeddings
2025-12-29 06:16:32,717 - Knowledge - INFO - Fast-tracked /app/data/T0015/301866/b3381ao/ARNavigation/ARNavigation1/Assets/Standard Assets/CrossPlatformInput/Scripts/InputAxisScrollbar.cs (ext=.cs, size=353)
2025-12-29 06:16:32,799 - Knowledge - INFO - Worker kw7 processing /app/data/T0015/301866/b3381ao/ARNavigation/ARNavigation1/Assets/Vuforia/Scripts/DefaultInitializationErrorHandler.cs
2025-12-29 06:16:32,890 - Knowledge - INFO - Worker kw6 processing /app/data/T0015/301866/b3381ao/ARNavigation/ARNavigation1/Assets/Standard Assets/CrossPlatformInput/Scripts/PlatformSpecific/StandaloneInput.cs
2025-12-29 06:16:33,008 - Knowledge - INFO - Fast-tracked /app/data/T0015/301866/b3381ao/ARNavigation/ARNavigation1/Assets/Vuforia/Materials/DefaultTarget.mat (ext=.mat, size=838)
2025-12-29 06:16:33,136 - Knowledge - INFO - Worker kw14 processing /app/data/T0015/301866/b3381ao/ARNavigation/ARNavigation1/Assets/Vuforia/Materials/MidAirReference.mat
2025-12-29 06:16:33,209 - Knowledge - INFO - Worker kw8 processing /app/data/T0015/301866/b3381ao/ARNavigation/ARNavigation1/Assets/Vuforia/Materials/OutlineOpaque.mat
2025-12-29 06:16:33,300 - Knowledge - INFO - Fast-tracked /app/data/T0015/301866/b3381ao/ARNavigation/ARNavigation1/Assets/Vuforia/Editor/VirtualButtonTextures/VirtualButtonPreviewMaterial.mat (ext=.mat, size=766)
2025-12-29 06:16:33,376 - Knowledge - INFO - Worker kw5 processing /app/data/T0015/301866/b3381ao/ARNavigation/ARNavigation1/Assets/Materials/princi.mat
2025-12-29 06:16:33,545 - Knowledge - INFO - Fast-tracked /app/data/T0015/301866/b3381ao/ARNavigation/ARNavigation1/Assets/ScriptsPro/indoortouch.cs (ext=.cs, size=1427)
2025-12-29 06:16:33,655 - Knowledge - INFO - Fast-tracked /app/data/T0015/301866/b3381ao/ARNavigation/ARNavigation1/Assets/Character/Olive_Tree/Olive_Source/Materials/Leaves.mat (ext=.mat, size=903)
2025-12-29 06:16:33,732 - Knowledge - INFO - process ingested knowledge for /app/data/T0015/301866/b3381ao/ARNavigation/ARNavigation1/Assets/Standard Assets/Environment/Water/Water/Scripts/Displace.cs
2025-12-29 06:16:33,822 - Knowledge - INFO - Worker kw12 processing /app/data/T0015/301866/b3381ao/ARNavigation/ARNavigation1/Assets/Character/Olive_Tree/Olive_Source/Materials/Branch_1.mat
2025-12-29 06:16:33,897 - Knowledge - INFO - Progress: 52.2% | Files: 97/178 | Rate: 1.76 files/sec | Queue: 13
2025-12-29 06:16:33,898 - Knowledge - INFO - Async storing batch of 5 embeddings
2025-12-29 06:16:33,898 - Knowledge - INFO - Async storing batch of 4 embeddings
2025-12-29 06:16:33,898 - Knowledge - INFO - Processing batch of 4 files
2025-12-29 06:16:33,899 - Knowledge - INFO - Async storing batch of 5 embeddings
2025-12-29 06:16:33,970 - Knowledge - INFO - Worker kw9 processing /app/data/T0015/301866/b3381ao/ARNavigation/ARNavigation1/Assets/Character/Olive_Tree/Olive_Source/Materials/Branch_2.mat
2025-12-29 06:16:34,176 - Knowledge - INFO - Fast-tracked /app/data/T0015/301866/b3381ao/ARNavigation/ARNavigation1/Assets/Models/GroundDepartment.mat (small file (2083 bytes))
2025-12-29 06:16:34,268 - Knowledge - INFO - Worker kw6 processing /app/data/T0015/301866/b3381ao/ARNavigation/ARNavigation1/Assets/Standard Assets/CrossPlatformInput/Scripts/MobileControlRig.cs
2025-12-29 06:16:34,372 - Knowledge - INFO - Worker kw3 processing /app/data/T0015/301866/b3381ao/ARNavigation/ARNavigation1/Assets/Vuforia/Materials/GroundPlaneReference.mat
2025-12-29 06:16:34,455 - Knowledge - INFO - Worker kw14 processing /app/data/T0015/301866/b3381ao/ARNavigation/ARNavigation1/Assets/Vuforia/Materials/StandardCutout.mat
2025-12-29 06:16:34,581 - Knowledge - INFO - Worker kw8 processing /app/data/T0015/301866/b3381ao/ARNavigation/ARNavigation1/Assets/Vuforia/Materials/CloudRecoTarget.mat
2025-12-29 06:16:34,669 - Knowledge - INFO - Worker kw13 processing /app/data/T0015/301866/b3381ao/ARNavigation/ARNavigation1/Assets/Materials/man_shirt_04.mat
2025-12-29 06:16:34,756 - Knowledge - INFO - Worker kw5 processing /app/data/T0015/301866/b3381ao/ARNavigation/ARNavigation1/Assets/Materials/youarehere-logo.mat
2025-12-29 06:16:34,878 - Knowledge - INFO - Worker kw11 processing /app/data/T0015/301866/b3381ao/ARNavigation/ARNavigation1/Assets/ScriptsPro/DeployStageOnce.cs
2025-12-29 06:16:34,997 - Knowledge - INFO - Worker kw10 processing /app/data/T0015/301866/b3381ao/ARNavigation/ARNavigation1/Assets/Character/Olive_Tree/Olive_Source/Materials/Bark.mat
2025-12-29 06:16:35,080 - Knowledge - INFO - process ingested knowledge for /app/data/T0015/301866/b3381ao/ARNavigation/ARNavigation1/Assets/Standard Assets/Environment/Water/Water/Scripts/WaterTile.cs
2025-12-29 06:16:35,156 - Knowledge - INFO - Fast-tracked /app/data/T0015/301866/b3381ao/ARNavigation/ARNavigation1/Assets/Character/Olive_Tree/Olive_Source/Materials/Branch_1.mat (ext=.mat, size=742)
2025-12-29 06:16:35,232 - Knowledge - INFO - [kw17] Queue=13, InProgress=0, PendingWorkers=20/20, Completed=97/178 (54.5%)
2025-12-29 06:16:35,338 - Knowledge - INFO - Worker kw15 processing /app/data/T0015/301866/b3381ao/ARNavigation/ARNavigation1/Assets/Materials 1/mba.mat
2025-12-29 06:16:35,428 - Knowledge - INFO - Worker kw18 processing /app/data/T0015/301866/b3381ao/ARNavigation/ARNavigation1/Assets/Materials 1/New Material 1.mat
2025-12-29 06:16:35,505 - Knowledge - INFO - process ingested knowledge for /app/data/T0015/301866/b3381ao/ARNavigation/ARNavigation1/Assets/Standard Assets/Environment/Water/Water/Scripts/GerstnerDisplace.cs
2025-12-29 06:16:35,586 - Knowledge - INFO - Worker kw16 processing /app/data/T0015/301866/b3381ao/ARNavigation/ARNavigation1/Assets/StreamingAssets/Vuforia/VuforiaMars_ModelTarget.xml
2025-12-29 06:16:35,686 - Knowledge - INFO - Fast-tracked /app/data/T0015/301866/b3381ao/ARNavigation/ARNavigation1/Assets/Character/Olive_Tree/Olive_Source/Materials/Branch_2.mat (ext=.mat, size=687)
2025-12-29 06:16:35,963 - Knowledge - INFO - Worker kw3 processing /app/data/T0015/301866/b3381ao/ARNavigation/ARNavigation1/Assets/Vuforia/Materials/DepthMask.mat
2025-12-29 06:16:36,063 - Knowledge - INFO - Worker kw14 processing /app/data/T0015/301866/b3381ao/ARNavigation/ARNavigation1/Assets/Vuforia/Materials/MidAirIndicator.mat
2025-12-29 06:16:36,149 - Knowledge - INFO - Fast-tracked /app/data/T0015/301866/b3381ao/ARNavigation/ARNavigation1/Assets/Vuforia/Materials/CloudRecoTarget.mat (ext=.mat, size=783)
2025-12-29 06:16:36,279 - Knowledge - INFO - Fast-tracked /app/data/T0015/301866/b3381ao/ARNavigation/ARNavigation1/Assets/Materials/man_shirt_04.mat (ext=.mat, size=741)
2025-12-29 06:16:36,376 - Knowledge - INFO - Fast-tracked /app/data/T0015/301866/b3381ao/ARNavigation/ARNavigation1/Assets/Materials/youarehere-logo.mat (ext=.mat, size=744)
2025-12-29 06:16:36,473 - Knowledge - INFO - Fast-tracked /app/data/T0015/301866/b3381ao/ARNavigation/ARNavigation1/Assets/ScriptsPro/DeployStageOnce.cs (ext=.cs, size=1794)
2025-12-29 06:16:36,555 - Knowledge - INFO - Fast-tracked /app/data/T0015/301866/b3381ao/ARNavigation/ARNavigation1/Assets/Character/Olive_Tree/Olive_Source/Materials/Bark.mat (ext=.mat, size=1880)
2025-12-29 06:16:36,629 - Knowledge - INFO - process ingested knowledge for /app/data/T0015/301866/b3381ao/ARNavigation/ARNavigation1/Assets/Standard Assets/Environment/Water/Water/Scripts/PlanarReflection.cs
2025-12-29 06:16:36,708 - Knowledge - INFO - Worker kw12 processing /app/data/T0015/301866/b3381ao/ARNavigation/ARNavigation1/Assets/Character/Olive_Tree/Olive_Source/Materials/Cap_02.mat
2025-12-29 06:16:36,805 - Knowledge - INFO - Batch sizing: calculated=4, max_allowed=10, queue=13, active_workers=20/20
2025-12-29 06:16:36,910 - Knowledge - INFO - Worker kw15 processing /app/data/T0015/301866/b3381ao/ARNavigation/ARNavigation1/Assets/Materials 1/first.mat
2025-12-29 06:16:37,023 - Knowledge - INFO - Worker kw18 processing /app/data/T0015/301866/b3381ao/ARNavigation/ARNavigation1/Assets/Materials 1/New Material.mat
2025-12-29 06:16:37,119 - Knowledge - INFO - process ingested knowledge for /app/data/T0015/301866/b3381ao/ARNavigation/ARNavigation1/Assets/Standard Assets/Environment/Water/Water/Scripts/Water.cs
2025-12-29 06:16:37,262 - Knowledge - INFO - [LLM_CALL] Completed: WaterProNighttime.mat:chunk1, Duration: 11149ms, PromptTokens: 3332, CompletionTokens: 59, Cost: $0.00036
2025-12-29 06:16:37,518 - Knowledge - INFO - Fast-tracked /app/data/T0015/301866/b3381ao/ARNavigation/ARNavigation1/Assets/StreamingAssets/Vuforia/VuforiaMars_ModelTarget.xml (ext=.xml, size=574)
2025-12-29 06:16:37,590 - Knowledge - INFO - Worker kw9 processing /app/data/T0015/301866/b3381ao/ARNavigation/ARNavigation1/Assets/Character/Olive_Tree/Olive_Source/Materials/Olive_Leaves_2.mat
2025-12-29 06:16:37,680 - Knowledge - INFO - Fast-tracked /app/data/T0015/301866/b3381ao/ARNavigation/ARNavigation1/Assets/Vuforia/Materials/DepthMask.mat (ext=.mat, size=697)
2025-12-29 06:16:37,806 - Knowledge - INFO - Async storage completed for 5 embeddings
2025-12-29 06:16:37,890 - Knowledge - INFO - Worker kw8 processing /app/data/T0015/301866/b3381ao/ARNavigation/ARNavigation1/Assets/Vuforia/Materials/GuideView2D.mat
2025-12-29 06:16:37,963 - Knowledge - INFO - Worker kw13 processing /app/data/T0015/301866/b3381ao/ARNavigation/ARNavigation1/Assets/Materials/location.mat
2025-12-29 06:16:38,073 - Knowledge - INFO - Worker kw5 processing /app/data/T0015/301866/b3381ao/ARNavigation/ARNavigation1/Assets/ScriptsPro/NewBehaviourScript.cs
2025-12-29 06:16:38,150 - Knowledge - INFO - Worker kw11 processing /app/data/T0015/301866/b3381ao/ARNavigation/ARNavigation1/Assets/ScriptsPro/AddingAudio.cs
2025-12-29 06:16:38,241 - Knowledge - INFO - Worker kw10 processing /app/data/T0015/301866/b3381ao/ARNavigation/ARNavigation1/Assets/Character/Olive_Tree/Olive_Source/Materials/Bark_stem.mat
2025-12-29 06:16:38,389 - Knowledge - INFO - Fast-tracked /app/data/T0015/301866/b3381ao/ARNavigation/ARNavigation1/Assets/Character/Olive_Tree/Olive_Source/Materials/Cap_02.mat (ext=.mat, size=1991)
2025-12-29 06:16:38,602 - Knowledge - INFO - Worker kw15 processing /app/data/T0015/301866/b3381ao/ARNavigation/ARNavigation1/Assets/Materials 1/GroundDepartment 1.mat
2025-12-29 06:16:38,673 - Knowledge - INFO - Worker kw18 processing /app/data/T0015/301866/b3381ao/ARNavigation/ARNavigation1/Assets/Materials 1/staff1.mat
2025-12-29 06:16:38,767 - Knowledge - INFO - process ingested knowledge for /app/data/T0015/301866/b3381ao/ARNavigation/ARNavigation1/Assets/Standard Assets/Environment/Water/Water/Materials/WaterPlaneMaterial.mat
2025-12-29 06:16:38,848 - Knowledge - INFO - done ingest for /app/data/T0015/301866/b3381ao/ARNavigation/ARNavigation1/Assets/Standard Assets/Environment/Water/Water/Materials/WaterProNighttime.mat
2025-12-29 06:16:38,848 - Knowledge - INFO - Async storing batch of 5 embeddings
2025-12-29 06:16:38,848 - Knowledge - INFO - [WEBSOCKET] Sent: Type=progress_update, Size: 271, Duration: 0ms
2025-12-29 06:16:38,944 - Knowledge - INFO - Worker kw16 processing /app/data/T0015/301866/b3381ao/ARNavigation/ARNavigation1/Assets/StreamingAssets/Vuforia/VuforiaMars_Images.xml
2025-12-29 06:16:39,071 - Knowledge - INFO - Fast-tracked /app/data/T0015/301866/b3381ao/ARNavigation/ARNavigation1/Assets/Character/Olive_Tree/Olive_Source/Materials/Olive_Leaves_2.mat (ext=.mat, size=1212)
2025-12-29 06:16:39,190 - Knowledge - INFO - Fast-tracked /app/data/T0015/301866/b3381ao/ARNavigation/ARNavigation1/Assets/Vuforia/Materials/GroundPlaneIndicator.mat (small file (2066 bytes))
2025-12-29 06:16:39,273 - Knowledge - INFO - Fast-tracked /app/data/T0015/301866/b3381ao/ARNavigation/ARNavigation1/Assets/Vuforia/Materials/MidAirReference.mat (small file (2061 bytes))
2025-12-29 06:16:39,501 - Knowledge - INFO - Fast-tracked /app/data/T0015/301866/b3381ao/ARNavigation/ARNavigation1/Assets/Materials/location.mat (ext=.mat, size=737)
2025-12-29 06:16:39,586 - Knowledge - INFO - Fast-tracked /app/data/T0015/301866/b3381ao/ARNavigation/ARNavigation1/Assets/ScriptsPro/NewBehaviourScript.cs (ext=.cs, size=253)
2025-12-29 06:16:39,696 - Knowledge - INFO - Fast-tracked /app/data/T0015/301866/b3381ao/ARNavigation/ARNavigation1/Assets/ScriptsPro/AddingAudio.cs (ext=.cs, size=1989)
2025-12-29 06:16:39,714 - Knowledge - INFO - Async storage completed for 5 embeddings
2025-12-29 06:16:39,794 - Knowledge - INFO - Fast-tracked /app/data/T0015/301866/b3381ao/ARNavigation/ARNavigation1/Assets/Character/Olive_Tree/Olive_Source/Materials/Bark_stem.mat (ext=.mat, size=1885)
2025-12-29 06:16:39,880 - Knowledge - INFO - Worker kw12 processing /app/data/T0015/301866/b3381ao/ARNavigation/ARNavigation1/Assets/Character/Olive_Tree/Olive_Source/Materials/AfricanOliveBark.mat
2025-12-29 06:16:39,956 - Knowledge - INFO - Worker kw15 processing /app/data/T0015/301866/b3381ao/ARNavigation/ARNavigation1/Assets/Materials 1/corridor.mat
2025-12-29 06:16:40,054 - Knowledge - INFO - Worker kw18 processing /app/data/T0015/301866/b3381ao/ARNavigation/ARNavigation1/Assets/Materials 1/it complex.mat
2025-12-29 06:16:40,148 - Knowledge - INFO - process ingested knowledge for /app/data/T0015/301866/b3381ao/ARNavigation/ARNavigation1/Assets/Standard Assets/Environment/Water/Water/Materials/WaterProDaytime.mat
2025-12-29 06:16:40,535 - Knowledge - INFO - Worker kw17 processing /app/data/T0015/301866/b3381ao/ARNavigation/ARNavigation1/Assets/Materials 1/building color.mat
2025-12-29 06:16:40,678 - Knowledge - INFO - [LLM_CALL] Completed: OceanPlaneMaterial.mat:chunk1, Duration: 9841ms, PromptTokens: 2922, CompletionTokens: 59, Cost: $0.00032
2025-12-29 06:16:40,829 - Knowledge - INFO - Fast-tracked /app/data/T0015/301866/b3381ao/ARNavigation/ARNavigation1/Assets/StreamingAssets/Vuforia/VuforiaMars_Images.xml (ext=.xml, size=1512)
2025-12-29 06:16:40,968 - Knowledge - INFO - Worker kw9 processing /app/data/T0015/301866/b3381ao/ARNavigation/ARNavigation1/Assets/Character/khidki color.mat
2025-12-29 06:16:41,264 - Knowledge - INFO - Fast-tracked /app/data/T0015/301866/b3381ao/ARNavigation/ARNavigation1/Assets/Vuforia/Materials/GroundPlaneReference.mat (small file (2066 bytes))
2025-12-29 06:16:41,357 - Knowledge - INFO - Fast-tracked /app/data/T0015/301866/b3381ao/ARNavigation/ARNavigation1/Assets/Vuforia/Materials/StandardCutout.mat (small file (2150 bytes))
2025-12-29 06:16:41,413 - Knowledge - INFO - Async storage completed for 5 embeddings
2025-12-29 06:16:41,574 - Knowledge - INFO - Fast-tracked /app/data/T0015/301866/b3381ao/ARNavigation/ARNavigation1/Assets/Materials/princi.mat (small file (2048 bytes))
2025-12-29 06:16:41,674 - Knowledge - INFO - Worker kw11 processing /app/data/T0015/301866/b3381ao/ARNavigation/ARNavigation1/Assets/ScriptsPro/OutdoorTouch.cs
2025-12-29 06:16:41,894 - Knowledge - INFO - Worker kw10 processing /app/data/T0015/301866/b3381ao/ARNavigation/ARNavigation1/Assets/Character/Olive_Tree/Olive_Source/Materials/Branch_Alpha_2.mat
2025-12-29 06:16:42,082 - Knowledge - INFO - Worker kw12 processing /app/data/T0015/301866/b3381ao/ARNavigation/ARNavigation1/Assets/Character/Olive_Tree/Olive_Source/Materials/Branches_02.mat
2025-12-29 06:16:42,287 - Knowledge - INFO - Fast-tracked /app/data/T0015/301866/b3381ao/ARNavigation/ARNavigation1/Assets/Materials 1/corridor.mat (ext=.mat, size=1996)
2025-12-29 06:16:42,422 - Knowledge - INFO - Async storage completed for 4 embeddings
2025-12-29 06:16:42,614 - Knowledge - INFO - Worker kw17 processing /app/data/T0015/301866/b3381ao/ARNavigation/ARNavigation1/Assets/Materials 1/red.mat
2025-12-29 06:16:42,707 - Knowledge - INFO - done ingest for /app/data/T0015/301866/b3381ao/ARNavigation/ARNavigation1/Assets/Standard Assets/Environment/Water/Water4/Materials/OceanPlaneMaterial.mat
2025-12-29 06:16:42,707 - Knowledge - INFO - [WEBSOCKET] Sent: Type=unknown, Size: ?, Duration: 3859ms
2025-12-29 06:16:42,807 - Knowledge - INFO - Worker kw16 processing /app/data/T0015/301866/b3381ao/ARNavigation/ARNavigation1/Assets/StreamingAssets/Vuforia/VuforiaMars_VuMark.xml
2025-12-29 06:16:42,927 - Knowledge - INFO - Worker kw9 processing /app/data/T0015/301866/b3381ao/ARNavigation/ARNavigation1/Assets/StreamingAssets/Vuforia/VuforiaMars_Object_OT.xml
2025-12-29 06:16:43,016 - Knowledge - INFO - Async storage completed for 5 embeddings
2025-12-29 06:16:43,287 - Knowledge - INFO - Fast-tracked /app/data/T0015/301866/b3381ao/ARNavigation/ARNavigation1/Assets/Vuforia/Materials/MidAirIndicator.mat (small file (2083 bytes))
2025-12-29 06:16:43,293 - Knowledge - INFO - Fast-tracked /app/data/T0015/301866/b3381ao/ARNavigation/ARNavigation1/Assets/Vuforia/Editor/Scripts/OpenSourceInitializer.cs (small file (2170 bytes))
2025-12-29 06:16:43,414 - Knowledge - INFO - Async storage completed for 5 embeddings
2025-12-29 06:16:43,517 - Knowledge - INFO - Fast-tracked /app/data/T0015/301866/b3381ao/ARNavigation/ARNavigation1/Assets/ScriptsPro/OutdoorTouch.cs (ext=.cs, size=1841)
2025-12-29 06:16:43,643 - Knowledge - INFO - Fast-tracked /app/data/T0015/301866/b3381ao/ARNavigation/ARNavigation1/Assets/Character/Olive_Tree/Olive_Source/Materials/Branch_Alpha_2.mat (ext=.mat, size=1155)
2025-12-29 06:16:43,772 - Knowledge - INFO - Fast-tracked /app/data/T0015/301866/b3381ao/ARNavigation/ARNavigation1/Assets/Character/Olive_Tree/Olive_Source/Materials/Branches_02.mat (ext=.mat, size=1152)
2025-12-29 06:16:43,882 - Knowledge - INFO - Async storage completed for 5 embeddings
2025-12-29 06:16:44,120 - Knowledge - INFO - Fast-tracked /app/data/T0015/301866/b3381ao/ARNavigation/ARNavigation1/Assets/Materials 1/New Material 1.mat (small file (2083 bytes))
2025-12-29 06:16:44,258 - Knowledge - INFO - Async storage completed for 5 embeddings
2025-12-29 06:16:44,308 - Knowledge - INFO - Worker kw17 processing /app/data/T0015/301866/b3381ao/ARNavigation/ARNavigation1/Assets/Materials 1/hod.mat
2025-12-29 06:16:44,376 - Knowledge - INFO - Fast-tracked /app/data/T0015/301866/b3381ao/ARNavigation/ARNavigation1/Assets/Vuforia/Materials/GuideView2D.mat (small file (2904 bytes))
2025-12-29 06:16:44,470 - Knowledge - INFO - Progress: 54.5% | Files: 97/178 | Rate: 1.54 files/sec | Queue: 9
2025-12-29 06:16:44,470 - Knowledge - INFO - [LLM_CALL] Completed: TouchPad.cs:chunk1, Duration: 8383ms, PromptTokens: 3074, CompletionTokens: 492, Cost: $0.00050
2025-12-29 06:16:44,510 - Knowledge - INFO - Fast-tracked /app/data/T0015/301866/b3381ao/ARNavigation/ARNavigation1/Assets/Standard Assets/CrossPlatformInput/Scripts/PlatformSpecific/StandaloneInput.cs (small file (2262 bytes))
2025-12-29 06:16:44,686 - Knowledge - INFO - Fast-tracked /app/data/T0015/301866/b3381ao/ARNavigation/ARNavigation1/Assets/StreamingAssets/Vuforia/VuforiaMars_VuMark.xml (ext=.xml, size=174)
2025-12-29 06:16:44,849 - Knowledge - INFO - Fast-tracked /app/data/T0015/301866/b3381ao/ARNavigation/ARNavigation1/Assets/StreamingAssets/Vuforia/VuforiaMars_Object_OT.xml (ext=.xml, size=239)
2025-12-29 06:16:45,411 - Knowledge - INFO - Async storage completed for 5 embeddings
2025-12-29 06:16:45,505 - Knowledge - INFO - Async storage completed for 5 embeddings
2025-12-29 06:16:45,591 - Knowledge - INFO - Async storage completed for 5 embeddings
2025-12-29 06:16:45,686 - Knowledge - INFO - Fast-tracked /app/data/T0015/301866/b3381ao/ARNavigation/ARNavigation1/Assets/Materials 1/mba.mat (small file (2045 bytes))
2025-12-29 06:16:45,799 - Knowledge - INFO - Fast-tracked /app/data/T0015/301866/b3381ao/ARNavigation/ARNavigation1/Assets/Materials 1/New Material.mat (small file (2275 bytes))
2025-12-29 06:16:45,976 - Knowledge - INFO - Worker kw17 processing /app/data/T0015/301866/b3381ao/ARNavigation/ARNavigation1/Assets/Materials 1/New Material 2.mat
2025-12-29 06:16:46,048 - Knowledge - INFO - Async storage completed for 5 embeddings
2025-12-29 06:16:46,129 - Knowledge - INFO - [kw19] Queue=9, InProgress=0, PendingWorkers=20/20, Completed=113/178 (63.5%)
2025-12-29 06:16:46,207 - Knowledge - INFO - done ingest for /app/data/T0015/301866/b3381ao/ARNavigation/ARNavigation1/Assets/Standard Assets/CrossPlatformInput/Scripts/TouchPad.cs
2025-12-29 06:16:46,208 - Knowledge - INFO - [LLM_CALL] Completed: Water4Simple.mat:chunk1, Duration: 17726ms, PromptTokens: 4714, CompletionTokens: 59, Cost: $0.00049
2025-12-29 06:16:46,286 - Knowledge - INFO - Fast-tracked /app/data/T0015/301866/b3381ao/ARNavigation/ARNavigation1/Assets/Standard Assets/CrossPlatformInput/Scripts/MobileControlRig.cs (small file (2347 bytes))
2025-12-29 06:16:46,362 - Knowledge - INFO - Worker kw16 processing /app/data/T0015/301866/b3381ao/ARNavigation/ARNavigation1/Assets/Materials 1/lab1.mat
2025-12-29 06:16:46,465 - Knowledge - INFO - Fast-tracked /app/data/T0015/301866/b3381ao/ARNavigation/ARNavigation1/Assets/Character/khidki color.mat (small file (2054 bytes))
2025-12-29 06:16:46,762 - Knowledge - INFO - Fast-tracked /app/data/T0015/301866/b3381ao/ARNavigation/ARNavigation1/Assets/Character/Olive_Tree/Olive_Source/Materials/AfricanOliveBark.mat (small file (2001 bytes))
2025-12-29 06:16:46,869 - Knowledge - INFO - Fast-tracked /app/data/T0015/301866/b3381ao/ARNavigation/ARNavigation1/Assets/Materials 1/first.mat (small file (2047 bytes))
2025-12-29 06:16:46,955 - Knowledge - INFO - Fast-tracked /app/data/T0015/301866/b3381ao/ARNavigation/ARNavigation1/Assets/Materials 1/staff1.mat (small file (2048 bytes))
2025-12-29 06:16:47,065 - Knowledge - INFO - Async storage completed for 5 embeddings
2025-12-29 06:16:47,252 - Knowledge - INFO - Batch sizing: calculated=4, max_allowed=10, queue=9, active_workers=20/20
2025-12-29 06:16:47,852 - Knowledge - INFO - done ingest for /app/data/T0015/301866/b3381ao/ARNavigation/ARNavigation1/Assets/Standard Assets/Environment/Water/Water4/Materials/Water4Simple.mat
2025-12-29 06:16:47,853 - Knowledge - INFO - Processing batch of 4 files
2025-12-29 06:16:47,863 - Knowledge - INFO - Processing batch of 4 files
2025-12-29 06:16:47,869 - Knowledge - INFO - Processing batch of 4 files
2025-12-29 06:16:47,893 - Knowledge - INFO - Processing batch of 4 files
2025-12-29 06:16:47,900 - Knowledge - INFO - [LLM_CALL] Completed: TiltInput.cs:chunk1, Duration: 11228ms, PromptTokens: 2498, CompletionTokens: 634, Cost: $0.00050
2025-12-29 06:16:48,015 - Knowledge - INFO - Async storage completed for 5 embeddings
2025-12-29 06:16:48,157 - Knowledge - INFO - Async storage completed for 5 embeddings
2025-12-29 06:16:48,359 - Knowledge - INFO - Async storage completed for 5 embeddings
2025-12-29 06:16:48,803 - Knowledge - INFO - Fast-tracked /app/data/T0015/301866/b3381ao/ARNavigation/ARNavigation1/Assets/Materials 1/GroundDepartment 1.mat (small file (2010 bytes))
2025-12-29 06:16:48,888 - Knowledge - INFO - Fast-tracked /app/data/T0015/301866/b3381ao/ARNavigation/ARNavigation1/Assets/Materials 1/it complex.mat (small file (2052 bytes))
2025-12-29 06:16:48,979 - Knowledge - INFO - Fast-tracked /app/data/T0015/301866/b3381ao/ARNavigation/ARNavigation1/Assets/Materials 1/building color.mat (small file (2076 bytes))
2025-12-29 06:16:49,261 - Knowledge - INFO - process ingested knowledge for /app/data/T0015/301866/b3381ao/ARNavigation/ARNavigation1/Assets/Vuforia/Materials/GroundPlaneIndicator.mat
2025-12-29 06:16:49,391 - Knowledge - INFO - process ingested knowledge for /app/data/T0015/301866/b3381ao/ARNavigation/ARNavigation1/Assets/Vuforia/Materials/UserDefinedTarget.mat
2025-12-29 06:16:49,471 - Knowledge - INFO - process ingested knowledge for /app/data/T0015/301866/b3381ao/ARNavigation/ARNavigation1/Assets/Vuforia/Editor/Scripts/OpenSourceInitializer.cs
2025-12-29 06:16:49,600 - Knowledge - INFO - process ingested knowledge for /app/data/T0015/301866/b3381ao/ARNavigation/ARNavigation1/Assets/Materials/youarehere.mat
2025-12-29 06:16:49,687 - Knowledge - INFO - done ingest for /app/data/T0015/301866/b3381ao/ARNavigation/ARNavigation1/Assets/Standard Assets/CrossPlatformInput/Scripts/TiltInput.cs
2025-12-29 06:16:49,689 - Knowledge - INFO - Processing batch of 4 files
2025-12-29 06:16:49,689 - Knowledge - INFO - [LLM_CALL] Completed: CrossPlatformInputInitialize.cs:chunk1, Duration: 18853ms, PromptTokens: 2564, CompletionTokens: 491, Cost: $0.00045
2025-12-29 06:16:49,850 - Knowledge - INFO - Fast-tracked /app/data/T0015/301866/b3381ao/ARNavigation/ARNavigation1/Assets/Materials 1/lab1.mat (small file (2046 bytes))
2025-12-29 06:16:50,183 - Knowledge - INFO - Fast-tracked /app/data/T0015/301866/b3381ao/ARNavigation/ARNavigation1/Assets/Materials 1/red.mat (small file (2018 bytes))
2025-12-29 06:16:50,281 - Knowledge - INFO - process ingested knowledge for /app/data/T0015/301866/b3381ao/ARNavigation/ARNavigation1/Assets/Vuforia/Materials/DefaultTarget.mat
2025-12-29 06:16:50,415 - Knowledge - INFO - process ingested knowledge for /app/data/T0015/301866/b3381ao/ARNavigation/ARNavigation1/Assets/Vuforia/Materials/MidAirReference.mat
2025-12-29 06:16:50,495 - Knowledge - INFO - process ingested knowledge for /app/data/T0015/301866/b3381ao/ARNavigation/ARNavigation1/Assets/Vuforia/Editor/VirtualButtonTextures/VirtualButtonPreviewMaterial.mat
2025-12-29 06:16:50,597 - Knowledge - INFO - process ingested knowledge for /app/data/T0015/301866/b3381ao/ARNavigation/ARNavigation1/Assets/Materials/princi.mat
2025-12-29 06:16:50,867 - Knowledge - INFO - process ingested knowledge for /app/data/T0015/301866/b3381ao/ARNavigation/ARNavigation1/Assets/ScriptsPro/indoortouch.cs
2025-12-29 06:16:51,036 - Knowledge - INFO - done ingest for /app/data/T0015/301866/b3381ao/ARNavigation/ARNavigation1/Assets/Standard Assets/Editor/CrossPlatformInput/CrossPlatformInputInitialize.cs
2025-12-29 06:16:51,059 - Knowledge - INFO - [LLM_CALL] Completed: OutlineOpaque.mat:chunk1, Duration: 10389ms, PromptTokens: 2986, CompletionTokens: 59, Cost: $0.00032
2025-12-29 06:16:51,280 - Knowledge - INFO - Fast-tracked /app/data/T0015/301866/b3381ao/ARNavigation/ARNavigation1/Assets/Materials 1/hod.mat (small file (2045 bytes))
2025-12-29 06:16:51,347 - Knowledge - INFO - process ingested knowledge for /app/data/T0015/301866/b3381ao/ARNavigation/ARNavigation1/Assets/Vuforia/Materials/GroundPlaneReference.mat
2025-12-29 06:16:51,455 - Knowledge - INFO - process ingested knowledge for /app/data/T0015/301866/b3381ao/ARNavigation/ARNavigation1/Assets/Vuforia/Materials/StandardCutout.mat
2025-12-29 06:16:51,641 - Knowledge - INFO - process ingested knowledge for /app/data/T0015/301866/b3381ao/ARNavigation/ARNavigation1/Assets/Materials/man_shirt_04.mat
2025-12-29 06:16:51,771 - Knowledge - INFO - process ingested knowledge for /app/data/T0015/301866/b3381ao/ARNavigation/ARNavigation1/Assets/Materials/youarehere-logo.mat
2025-12-29 06:16:51,968 - Knowledge - INFO - process ingested knowledge for /app/data/T0015/301866/b3381ao/ARNavigation/ARNavigation1/Assets/ScriptsPro/DeployStageOnce.cs
2025-12-29 06:16:52,374 - Knowledge - INFO - done ingest for /app/data/T0015/301866/b3381ao/ARNavigation/ARNavigation1/Assets/Vuforia/Materials/OutlineOpaque.mat
2025-12-29 06:16:52,375 - Knowledge - INFO - Processing batch of 4 files
2025-12-29 06:16:52,385 - Knowledge - INFO - [LLM_CALL] Completed: DefaultTrackableEventHandler.cs:chunk1, Duration: 16608ms, PromptTokens: 2208, CompletionTokens: 443, Cost: $0.00040
2025-12-29 06:16:52,742 - Knowledge - INFO - Fast-tracked /app/data/T0015/301866/b3381ao/ARNavigation/ARNavigation1/Assets/Materials 1/New Material 2.mat (small file (2056 bytes))
2025-12-29 06:16:52,843 - Knowledge - INFO - process ingested knowledge for /app/data/T0015/301866/b3381ao/ARNavigation/ARNavigation1/Assets/Vuforia/Materials/DepthMask.mat
2025-12-29 06:16:52,969 - Knowledge - INFO - process ingested knowledge for /app/data/T0015/301866/b3381ao/ARNavigation/ARNavigation1/Assets/Vuforia/Materials/MidAirIndicator.mat
2025-12-29 06:16:53,081 - Knowledge - INFO - process ingested knowledge for /app/data/T0015/301866/b3381ao/ARNavigation/ARNavigation1/Assets/Materials/location.mat
2025-12-29 06:16:53,161 - Knowledge - INFO - process ingested knowledge for /app/data/T0015/301866/b3381ao/ARNavigation/ARNavigation1/Assets/ScriptsPro/NewBehaviourScript.cs
2025-12-29 06:16:53,278 - Knowledge - INFO - process ingested knowledge for /app/data/T0015/301866/b3381ao/ARNavigation/ARNavigation1/Assets/ScriptsPro/AddingAudio.cs
2025-12-29 06:16:53,467 - Knowledge - INFO - process ingested knowledge for /app/data/T0015/301866/b3381ao/ARNavigation/ARNavigation1/Assets/Character/Olive_Tree/Olive_Source/Materials/Branch_1.mat
2025-12-29 06:16:53,580 - Knowledge - INFO - done ingest for /app/data/T0015/301866/b3381ao/ARNavigation/ARNavigation1/Assets/Vuforia/Scripts/DefaultTrackableEventHandler.cs
2025-12-29 06:16:53,580 - Knowledge - INFO - [LLM_CALL] Completed: Water4Advanced.mat:chunk1, Duration: 19682ms, PromptTokens: 8988, CompletionTokens: 59, Cost: $0.00092
2025-12-29 06:16:53,581 - Knowledge - INFO - Async storing batch of 4 embeddings
2025-12-29 06:16:54,264 - Knowledge - INFO - process ingested knowledge for /app/data/T0015/301866/b3381ao/ARNavigation/ARNavigation1/Assets/ScriptsPro/OutdoorTouch.cs
2025-12-29 06:16:54,505 - Knowledge - INFO - done ingest for /app/data/T0015/301866/b3381ao/ARNavigation/ARNavigation1/Assets/Standard Assets/Environment/Water/Water4/Materials/Water4Advanced.mat
2025-12-29 06:16:54,513 - Knowledge - INFO - Processing batch of 4 files
2025-12-29 06:16:54,519 - Knowledge - INFO - Processing batch of 4 files
2025-12-29 06:16:54,520 - Knowledge - INFO - Processing batch of 4 files
2025-12-29 06:16:54,520 - Knowledge - INFO - Processing batch of 4 files
2025-12-29 06:16:54,520 - Knowledge - INFO - Processing batch of 4 files
2025-12-29 06:16:54,523 - Knowledge - INFO - [LLM_CALL] Completed: CrossPlatformInputManager.cs:chunk1, Duration: 20458ms, PromptTokens: 3960, CompletionTokens: 875, Cost: $0.00075
2025-12-29 06:16:54,613 - Knowledge - INFO - Worker kw19 processing /app/data/T0015/301866/b3381ao/ARNavigation/ARNavigation1/Assets/Materials 1/civil.mat
2025-12-29 06:16:54,855 - Knowledge - INFO - process ingested knowledge for /app/data/T0015/301866/b3381ao/ARNavigation/ARNavigation1/Assets/Character/Olive_Tree/Olive_Source/Materials/Cap_02.mat
2025-12-29 06:16:54,934 - Knowledge - INFO - process ingested knowledge for /app/data/T0015/301866/b3381ao/ARNavigation/ARNavigation1/Assets/Character/Olive_Tree/Olive_Source/Materials/Leaves.mat
2025-12-29 06:16:55,008 - Knowledge - INFO - process ingested knowledge for /app/data/T0015/301866/b3381ao/ARNavigation/ARNavigation1/Assets/Character/Olive_Tree/Olive_Source/Materials/Branch_2.mat
2025-12-29 06:16:55,114 - Knowledge - INFO - process ingested knowledge for /app/data/T0015/301866/b3381ao/ARNavigation/ARNavigation1/Assets/Materials 1/mba.mat
2025-12-29 06:16:55,228 - Knowledge - INFO - process ingested knowledge for /app/data/T0015/301866/b3381ao/ARNavigation/ARNavigation1/Assets/Materials 1/New Material 1.mat
2025-12-29 06:16:55,313 - Knowledge - INFO - process ingested knowledge for /app/data/T0015/301866/b3381ao/ARNavigation/ARNavigation1/Assets/StreamingAssets/Vuforia/VuforiaMars_ModelTarget.xml
2025-12-29 06:16:55,396 - Knowledge - INFO - done ingest for /app/data/T0015/301866/b3381ao/ARNavigation/ARNavigation1/Assets/Standard Assets/CrossPlatformInput/Scripts/CrossPlatformInputManager.cs
2025-12-29 06:16:55,397 - Knowledge - INFO - [LLM_CALL] Completed: Joystick.cs:chunk1, Duration: 21499ms, PromptTokens: 2516, CompletionTokens: 486, Cost: $0.00045
2025-12-29 06:16:55,473 - Knowledge - INFO - Worker kw19 processing /app/data/T0015/301866/b3381ao/ARNavigation/ARNavigation1/Assets/Editor/Textures/VRay Grass www.vraymaterials.co.uk.mat
2025-12-29 06:16:55,593 - Knowledge - INFO - process ingested knowledge for /app/data/T0015/301866/b3381ao/ARNavigation/ARNavigation1/Assets/Character/Olive_Tree/Olive_Source/Materials/AfricanOliveBark.mat
2025-12-29 06:16:55,717 - Knowledge - INFO - process ingested knowledge for /app/data/T0015/301866/b3381ao/ARNavigation/ARNavigation1/Assets/Character/Olive_Tree/Olive_Source/Materials/Bark.mat
2025-12-29 06:16:55,808 - Knowledge - INFO - process ingested knowledge for /app/data/T0015/301866/b3381ao/ARNavigation/ARNavigation1/Assets/Character/Olive_Tree/Olive_Source/Materials/Olive_Leaves_2.mat
2025-12-29 06:16:55,887 - Knowledge - INFO - process ingested knowledge for /app/data/T0015/301866/b3381ao/ARNavigation/ARNavigation1/Assets/Materials 1/first.mat
2025-12-29 06:16:55,987 - Knowledge - INFO - process ingested knowledge for /app/data/T0015/301866/b3381ao/ARNavigation/ARNavigation1/Assets/Materials 1/New Material.mat
2025-12-29 06:16:56,094 - Knowledge - INFO - process ingested knowledge for /app/data/T0015/301866/b3381ao/ARNavigation/ARNavigation1/Assets/StreamingAssets/Vuforia/VuforiaMars_Images.xml
2025-12-29 06:16:56,285 - Knowledge - INFO - done ingest for /app/data/T0015/301866/b3381ao/ARNavigation/ARNavigation1/Assets/Standard Assets/CrossPlatformInput/Scripts/Joystick.cs
2025-12-29 06:16:56,285 - Knowledge - INFO - [LLM_CALL] Completed: MobileInput.cs:chunk1, Duration: 15608ms, PromptTokens: 2070, CompletionTokens: 587, Cost: $0.00044
2025-12-29 06:16:56,391 - Knowledge - INFO - Worker kw19 processing /app/data/T0015/301866/b3381ao/ARNavigation/ARNavigation1/Assets/Editor/Vuforia/VuforiaMars_VuMark/authoringinfo.xml
2025-12-29 06:16:56,483 - Knowledge - INFO - process ingested knowledge for /app/data/T0015/301866/b3381ao/ARNavigation/ARNavigation1/Assets/Character/Olive_Tree/Olive_Source/Materials/Branches_02.mat
2025-12-29 06:16:56,564 - Knowledge - INFO - process ingested knowledge for /app/data/T0015/301866/b3381ao/ARNavigation/ARNavigation1/Assets/Character/Olive_Tree/Olive_Source/Materials/Bark_stem.mat
2025-12-29 06:16:56,664 - Knowledge - INFO - process ingested knowledge for /app/data/T0015/301866/b3381ao/ARNavigation/ARNavigation1/Assets/Character/khidki color.mat
2025-12-29 06:16:56,740 - Knowledge - INFO - process ingested knowledge for /app/data/T0015/301866/b3381ao/ARNavigation/ARNavigation1/Assets/Materials 1/GroundDepartment 1.mat
2025-12-29 06:16:56,827 - Knowledge - INFO - process ingested knowledge for /app/data/T0015/301866/b3381ao/ARNavigation/ARNavigation1/Assets/Materials 1/staff1.mat
2025-12-29 06:16:56,913 - Knowledge - INFO - process ingested knowledge for /app/data/T0015/301866/b3381ao/ARNavigation/ARNavigation1/Assets/StreamingAssets/Vuforia/VuforiaMars_VuMark.xml
2025-12-29 06:16:57,095 - Knowledge - INFO - done ingest for /app/data/T0015/301866/b3381ao/ARNavigation/ARNavigation1/Assets/Standard Assets/CrossPlatformInput/Scripts/PlatformSpecific/MobileInput.cs
2025-12-29 06:16:57,096 - Knowledge - INFO - Processing batch of 4 files
2025-12-29 06:16:57,096 - Knowledge - INFO - Processing batch of 4 files
2025-12-29 06:16:57,097 - Knowledge - INFO - [WEBSOCKET] Sent: Type=progress_update, Size: 273, Duration: 2578ms
2025-12-29 06:16:57,192 - Knowledge - INFO - Fast-tracked /app/data/T0015/301866/b3381ao/ARNavigation/ARNavigation1/Assets/Editor/Vuforia/VuforiaMars_VuMark/authoringinfo.xml (ext=.xml, size=429)
2025-12-29 06:16:57,367 - Knowledge - INFO - process ingested knowledge for /app/data/T0015/301866/b3381ao/ARNavigation/ARNavigation1/Assets/Character/Olive_Tree/Olive_Source/Materials/Branch_Alpha_2.mat
2025-12-29 06:16:57,505 - Knowledge - INFO - process ingested knowledge for /app/data/T0015/301866/b3381ao/ARNavigation/ARNavigation1/Assets/StreamingAssets/Vuforia/VuforiaMars_Object_OT.xml
2025-12-29 06:16:57,531 - Knowledge - INFO - process ingested knowledge for /app/data/T0015/301866/b3381ao/ARNavigation/ARNavigation1/Assets/Materials 1/corridor.mat
2025-12-29 06:16:57,618 - Knowledge - INFO - process ingested knowledge for /app/data/T0015/301866/b3381ao/ARNavigation/ARNavigation1/Assets/Materials 1/it complex.mat
2025-12-29 06:16:57,692 - Knowledge - INFO - process ingested knowledge for /app/data/T0015/301866/b3381ao/ARNavigation/ARNavigation1/Assets/Materials 1/lab1.mat
2025-12-29 06:16:57,915 - Knowledge - INFO - process ingested knowledge for /app/data/T0015/301866/b3381ao/ARNavigation/ARNavigation1/Assets/Vuforia/Materials/ColoredLines.mat
2025-12-29 06:16:58,110 - Knowledge - INFO - process ingested knowledge for /app/data/T0015/301866/b3381ao/ARNavigation/ARNavigation1/Assets/Materials 1/building color.mat
2025-12-29 06:16:58,573 - Knowledge - INFO - [LLM_CALL] Completed: DefaultInitializationErrorHandler.cs:chunk1, Duration: 17910ms, PromptTokens: 4882, CompletionTokens: 681, Cost: $0.00076
2025-12-29 06:16:58,685 - Knowledge - INFO - Worker kw19 processing /app/data/T0015/301866/b3381ao/ARNavigation/ARNavigation1/Assets/Editor/Vuforia/ForPrint/ModelTarget/readme_3dprint.txt
2025-12-29 06:16:59,352 - Knowledge - INFO - process ingested knowledge for /app/data/T0015/301866/b3381ao/ARNavigation/ARNavigation1/Assets/Vuforia/Materials/OutlineOpaque.mat
2025-12-29 06:16:59,553 - Knowledge - INFO - done ingest for /app/data/T0015/301866/b3381ao/ARNavigation/ARNavigation1/Assets/Vuforia/Scripts/DefaultInitializationErrorHandler.cs
2025-12-29 06:16:59,555 - Knowledge - INFO - Processing batch of 4 files
2025-12-29 06:16:59,556 - Knowledge - INFO - Processing batch of 4 files
2025-12-29 06:16:59,556 - Knowledge - INFO - [WEBSOCKET] Sent: Type=unknown, Size: ?, Duration: 9868ms
2025-12-29 06:16:59,561 - Knowledge - INFO - process ingested knowledge for /app/data/T0015/301866/b3381ao/ARNavigation/ARNavigation1/Assets/Materials 1/red.mat
2025-12-29 06:16:59,661 - Knowledge - INFO - Fast-tracked /app/data/T0015/301866/b3381ao/ARNavigation/ARNavigation1/Assets/Editor/Vuforia/ForPrint/ModelTarget/readme_3dprint.txt (ext=.txt, size=525)
2025-12-29 06:16:59,723 - Knowledge - INFO - [kw3] Queue=5, InProgress=0, PendingWorkers=20/20, Completed=161/178 (90.4%)
2025-12-29 06:16:59,723 - Knowledge - INFO - [kw12] Queue=5, InProgress=0, PendingWorkers=20/20, Completed=161/178 (90.4%)
2025-12-29 06:16:59,785 - Knowledge - INFO - process ingested knowledge for /app/data/T0015/301866/b3381ao/ARNavigation/ARNavigation1/Assets/Vuforia/Materials/CloudRecoTarget.mat
2025-12-29 06:16:59,908 - Knowledge - INFO - process ingested knowledge for /app/data/T0015/301866/b3381ao/ARNavigation/ARNavigation1/Assets/Standard Assets/Environment/Water/Water/Materials/WaterProNighttime.mat
2025-12-29 06:16:59,978 - Knowledge - INFO - process ingested knowledge for /app/data/T0015/301866/b3381ao/ARNavigation/ARNavigation1/Assets/Standard Assets/Editor/CrossPlatformInput/CrossPlatformInputInitialize.cs
2025-12-29 06:17:00,062 - Knowledge - INFO - Progress: 70.2% | Files: 165/178 | Rate: 2.23 files/sec | Queue: 5
2025-12-29 06:17:00,062 - Knowledge - INFO - [kw9] Queue=5, InProgress=0, PendingWorkers=20/20, Completed=165/178 (92.7%)
2025-12-29 06:17:00,062 - Knowledge - INFO - [kw13] Queue=5, InProgress=0, PendingWorkers=20/20, Completed=165/178 (92.7%)
2025-12-29 06:17:00,062 - Knowledge - INFO - Processing batch of 4 files
2025-12-29 06:17:00,063 - Knowledge - INFO - [kw11] Queue=5, InProgress=0, PendingWorkers=20/20, Completed=165/178 (92.7%)
2025-12-29 06:17:00,063 - Knowledge - INFO - [LLM_CALL] Completed: VirtualInput.cs:chunk1, Duration: 24196ms, PromptTokens: 2546, CompletionTokens: 936, Cost: $0.00063
2025-12-29 06:17:00,141 - Knowledge - INFO - process ingested knowledge for /app/data/T0015/301866/b3381ao/ARNavigation/ARNavigation1/Assets/Materials 1/hod.mat
2025-12-29 06:17:00,258 - Knowledge - INFO - Fast-tracked /app/data/T0015/301866/b3381ao/ARNavigation/ARNavigation1/Assets/Materials 1/civil.mat (small file (2047 bytes))
2025-12-29 06:17:00,336 - Knowledge - INFO - Batch sizing: calculated=4, max_allowed=10, queue=5, active_workers=20/20
2025-12-29 06:17:00,417 - Knowledge - INFO - Batch sizing: calculated=4, max_allowed=10, queue=5, active_workers=20/20
2025-12-29 06:17:00,509 - Knowledge - INFO - process ingested knowledge for /app/data/T0015/301866/b3381ao/ARNavigation/ARNavigation1/Assets/Vuforia/Materials/GuideView2D.mat
2025-12-29 06:17:00,588 - Knowledge - INFO - process ingested knowledge for /app/data/T0015/301866/b3381ao/ARNavigation/ARNavigation1/Assets/Standard Assets/Environment/Water/Water4/Materials/Water4Simple.mat
2025-12-29 06:17:00,677 - Knowledge - INFO - process ingested knowledge for /app/data/T0015/301866/b3381ao/ARNavigation/ARNavigation1/Assets/Standard Assets/CrossPlatformInput/Scripts/AxisTouchButton.cs
2025-12-29 06:17:00,801 - Knowledge - INFO - [kw20] Queue=5, InProgress=0, PendingWorkers=20/20, Completed=165/178 (92.7%)
2025-12-29 06:17:00,922 - Knowledge - INFO - Batch sizing: calculated=4, max_allowed=10, queue=5, active_workers=20/20
2025-12-29 06:17:01,010 - Knowledge - INFO - Batch sizing: calculated=4, max_allowed=10, queue=5, active_workers=20/20
2025-12-29 06:17:01,126 - Knowledge - INFO - process ingested knowledge for /app/data/T0015/301866/b3381ao/ARNavigation/ARNavigation1/Assets/Standard Assets/CrossPlatformInput/Scripts/CrossPlatformInputManager.cs
2025-12-29 06:17:01,227 - Knowledge - INFO - Batch sizing: calculated=4, max_allowed=10, queue=5, active_workers=20/20
2025-12-29 06:17:01,304 - Knowledge - INFO - done ingest for /app/data/T0015/301866/b3381ao/ARNavigation/ARNavigation1/Assets/Standard Assets/CrossPlatformInput/Scripts/VirtualInput.cs
2025-12-29 06:17:01,305 - Knowledge - INFO - [kw15] Queue=5, InProgress=0, PendingWorkers=20/20, Completed=165/178 (92.7%)
2025-12-29 06:17:01,305 - Knowledge - INFO - Processing batch of 4 files
2025-12-29 06:17:01,305 - Knowledge - INFO - [kw10] Queue=5, InProgress=0, PendingWorkers=20/20, Completed=165/178 (92.7%)
2025-12-29 06:17:01,305 - Knowledge - INFO - [WEBSOCKET] Sent: Type=progress_update, Size: 273, Duration: 1ms
2025-12-29 06:17:01,398 - Knowledge - INFO - process ingested knowledge for /app/data/T0015/301866/b3381ao/ARNavigation/ARNavigation1/Assets/Materials 1/New Material 2.mat
2025-12-29 06:17:01,504 - Knowledge - INFO - Fast-tracked /app/data/T0015/301866/b3381ao/ARNavigation/ARNavigation1/Assets/Editor/Textures/VRay Grass www.vraymaterials.co.uk.mat (small file (0 bytes))
2025-12-29 06:17:01,906 - Knowledge - INFO - process ingested knowledge for /app/data/T0015/301866/b3381ao/ARNavigation/ARNavigation1/Assets/Standard Assets/Environment/Water/Water4/Materials/OceanPlaneMaterial.mat
2025-12-29 06:17:01,984 - Knowledge - INFO - process ingested knowledge for /app/data/T0015/301866/b3381ao/ARNavigation/ARNavigation1/Assets/Standard Assets/CrossPlatformInput/Scripts/Joystick.cs
2025-12-29 06:17:02,059 - Knowledge - INFO - Batch sizing: calculated=4, max_allowed=10, queue=5, active_workers=20/20
2025-12-29 06:17:02,362 - Knowledge - INFO - process ingested knowledge for /app/data/T0015/301866/b3381ao/ARNavigation/ARNavigation1/Assets/Standard Assets/CrossPlatformInput/Scripts/ButtonHandler.cs
2025-12-29 06:17:02,637 - Knowledge - INFO - Batch sizing: calculated=4, max_allowed=10, queue=5, active_workers=17/20
2025-12-29 06:17:02,723 - Knowledge - INFO - process ingested knowledge for /app/data/T0015/301866/b3381ao/ARNavigation/ARNavigation1/Assets/Standard Assets/CrossPlatformInput/CrossPlatformInputGuidelines.txt
2025-12-29 06:17:02,821 - Knowledge - INFO - Batch sizing: calculated=4, max_allowed=10, queue=5, active_workers=17/20
2025-12-29 06:17:02,920 - Knowledge - INFO - Async storing batch of 4 embeddings
2025-12-29 06:17:02,920 - Knowledge - INFO - Processing batch of 4 files
2025-12-29 06:17:02,920 - Knowledge - INFO - Async storing batch of 4 embeddings
2025-12-29 06:17:02,921 - Knowledge - INFO - [WEBSOCKET] Sent: Type=unknown, Size: ?, Duration: 1616ms
2025-12-29 06:17:03,106 - Knowledge - INFO - Async storage completed for 4 embeddings
2025-12-29 06:17:03,207 - Knowledge - INFO - process ingested knowledge for /app/data/T0015/301866/b3381ao/ARNavigation/ARNavigation1/Assets/Standard Assets/Environment/Water/Water4/Materials/Water4Advanced.mat
2025-12-29 06:17:03,295 - Knowledge - INFO - process ingested knowledge for /app/data/T0015/301866/b3381ao/ARNavigation/ARNavigation1/Assets/Standard Assets/CrossPlatformInput/Scripts/TouchPad.cs
2025-12-29 06:17:03,478 - Knowledge - INFO - process ingested knowledge for /app/data/T0015/301866/b3381ao/ARNavigation/ARNavigation1/Assets/Standard Assets/CrossPlatformInput/Scripts/TiltInput.cs
2025-12-29 06:17:03,670 - Knowledge - INFO - process ingested knowledge for /app/data/T0015/301866/b3381ao/ARNavigation/ARNavigation1/Assets/Models/GroundDepartment.mat
2025-12-29 06:17:03,829 - Knowledge - INFO - Worker kw12 processing /app/data/T0015/301866/b3381ao/ARNavigation/README.md
2025-12-29 06:17:03,911 - Knowledge - INFO - process ingested knowledge for /app/data/T0015/301866/b3381ao/ARNavigation/ARNavigation1/Assets/Standard Assets/CrossPlatformInput/Scripts/VirtualInput.cs
2025-12-29 06:17:03,991 - Knowledge - INFO - Worker kw3 processing /app/data/T0015/301866/b3381ao/ARNavigation/ARNavigation1/Assets/Editor/Vuforia/VuforiaMars_ModelTarget/authoringinfo.xml
2025-12-29 06:17:04,073 - Knowledge - INFO - Progress: 90.4% | Files: 169/178 | Rate: 2.02 files/sec | Queue: 0
2025-12-29 06:17:04,075 - Knowledge - INFO - [WEBSOCKET] Sent: Type=progress_update, Size: 274, Duration: 0ms
2025-12-29 06:17:04,457 - Knowledge - INFO - process ingested knowledge for /app/data/T0015/301866/b3381ao/ARNavigation/ARNavigation1/Assets/Standard Assets/CrossPlatformInput/Scripts/InputAxisScrollbar.cs
2025-12-29 06:17:04,620 - Knowledge - INFO - process ingested knowledge for /app/data/T0015/301866/b3381ao/ARNavigation/ARNavigation1/Assets/Vuforia/Scripts/DefaultTrackableEventHandler.cs
2025-12-29 06:17:04,694 - Knowledge - INFO - Fast-tracked /app/data/T0015/301866/b3381ao/ARNavigation/README.md (ext=.md, size=1317)
2025-12-29 06:17:04,782 - Knowledge - INFO - process ingested knowledge for /app/data/T0015/301866/b3381ao/ARNavigation/ARNavigation1/Assets/Standard Assets/CrossPlatformInput/Scripts/PlatformSpecific/MobileInput.cs
2025-12-29 06:17:04,864 - Knowledge - INFO - Fast-tracked /app/data/T0015/301866/b3381ao/ARNavigation/ARNavigation1/Assets/Editor/Vuforia/VuforiaMars_ModelTarget/authoringinfo.xml (ext=.xml, size=507)
2025-12-29 06:17:05,037 - Knowledge - INFO - Processing batch of 4 files
2025-12-29 06:17:05,038 - Knowledge - INFO - [WEBSOCKET] Sent: Type=unknown, Size: ?, Duration: 964ms
2025-12-29 06:17:05,195 - Knowledge - INFO - process ingested knowledge for /app/data/T0015/301866/b3381ao/ARNavigation/ARNavigation1/Assets/Vuforia/Scripts/DefaultInitializationErrorHandler.cs
2025-12-29 06:17:05,300 - Knowledge - INFO - Async storage completed for 4 embeddings
2025-12-29 06:17:05,445 - Knowledge - INFO - process ingested knowledge for /app/data/T0015/301866/b3381ao/ARNavigation/ARNavigation1/Assets/Standard Assets/CrossPlatformInput/Scripts/PlatformSpecific/StandaloneInput.cs
2025-12-29 06:17:05,479 - Knowledge - INFO - Worker kw3 processing /app/data/T0015/301866/b3381ao/ARNavigation/ARNavigation1/Assets/Editor/Vuforia/Emulator/VuforiaEmulator.xml
2025-12-29 06:17:05,573 - Knowledge - INFO - process ingested knowledge for /app/data/T0015/301866/b3381ao/ARNavigation/ARNavigation1/Assets/Materials 1/civil.mat
2025-12-29 06:17:05,651 - Knowledge - INFO - Progress: 94.9% | Files: 173/178 | Rate: 1.98 files/sec | Queue: 0
2025-12-29 06:17:05,811 - Knowledge - INFO - Processing batch of 1 files
2025-12-29 06:17:05,955 - Knowledge - INFO - process ingested knowledge for /app/data/T0015/301866/b3381ao/ARNavigation/ARNavigation1/Assets/Standard Assets/CrossPlatformInput/Scripts/MobileControlRig.cs
2025-12-29 06:17:06,038 - Knowledge - INFO - Fast-tracked /app/data/T0015/301866/b3381ao/ARNavigation/ARNavigation1/Assets/Editor/Vuforia/Emulator/VuforiaEmulator.xml (ext=.xml, size=269)
2025-12-29 06:17:06,054 - Knowledge - INFO - [WEBSOCKET] Sent: Type=progress_update, Size: 274, Duration: 0ms
2025-12-29 06:17:06,110 - Knowledge - INFO - process ingested knowledge for /app/data/T0015/301866/b3381ao/ARNavigation/ARNavigation1/Assets/Editor/Textures/VRay Grass www.vraymaterials.co.uk.mat
2025-12-29 06:17:06,307 - Knowledge - INFO - process ingested knowledge for /app/data/T0015/301866/b3381ao/ARNavigation/README.md
2025-12-29 06:17:06,460 - Knowledge - INFO - Worker kw3 processing /app/data/T0015/301866/b3381ao/ARNavigation/ARNavigation1/Assets/Editor/Vuforia/CylinderTargetTextures/VuforiaMars_Images/authoringinfo.xml
2025-12-29 06:17:06,544 - Knowledge - INFO - [WEBSOCKET] Sent: Type=unknown, Size: ?, Duration: 490ms
2025-12-29 06:17:06,627 - Knowledge - INFO - process ingested knowledge for /app/data/T0015/301866/b3381ao/ARNavigation/ARNavigation1/Assets/Editor/Vuforia/VuforiaMars_VuMark/authoringinfo.xml
2025-12-29 06:17:06,784 - Knowledge - INFO - Fast-tracked /app/data/T0015/301866/b3381ao/ARNavigation/ARNavigation1/Assets/Editor/Vuforia/CylinderTargetTextures/VuforiaMars_Images/authoringinfo.xml (ext=.xml, size=417)
2025-12-29 06:17:06,878 - Knowledge - INFO - Progress: 97.8% | Files: 174/178 | Rate: 1.93 files/sec | Queue: 0
2025-12-29 06:17:06,966 - Knowledge - INFO - process ingested knowledge for /app/data/T0015/301866/b3381ao/ARNavigation/ARNavigation1/Assets/Editor/Vuforia/ForPrint/ModelTarget/readme_3dprint.txt
2025-12-29 06:17:07,053 - Knowledge - INFO - Worker kw3 processing /app/data/T0015/301866/b3381ao/ARNavigation/ARNavigation1/Assets/Editor/Vuforia/TargetsetData/VuforiaMars_Object_info.xml
2025-12-29 06:17:07,328 - Knowledge - INFO - Fast-tracked /app/data/T0015/301866/b3381ao/ARNavigation/ARNavigation1/Assets/Editor/Vuforia/TargetsetData/VuforiaMars_Object_info.xml (ext=.xml, size=418)
2025-12-29 06:17:07,515 - Knowledge - INFO - Async storage completed for 4 embeddings
2025-12-29 06:17:07,679 - Knowledge - INFO - Processing batch of 4 files
2025-12-29 06:17:07,844 - Knowledge - INFO - process ingested knowledge for /app/data/T0015/301866/b3381ao/ARNavigation/ARNavigation1/Assets/Editor/Vuforia/VuforiaMars_ModelTarget/authoringinfo.xml
2025-12-29 06:17:08,026 - Knowledge - INFO - process ingested knowledge for /app/data/T0015/301866/b3381ao/ARNavigation/ARNavigation1/Assets/Editor/Vuforia/Emulator/VuforiaEmulator.xml
2025-12-29 06:17:08,211 - Knowledge - INFO - process ingested knowledge for /app/data/T0015/301866/b3381ao/ARNavigation/ARNavigation1/Assets/Editor/Vuforia/CylinderTargetTextures/VuforiaMars_Images/authoringinfo.xml
2025-12-29 06:17:08,412 - Knowledge - INFO - process ingested knowledge for /app/data/T0015/301866/b3381ao/ARNavigation/ARNavigation1/Assets/Editor/Vuforia/TargetsetData/VuforiaMars_Object_info.xml
2025-12-29 06:17:08,902 - Knowledge - INFO - Knowledge creation complete
2025-12-29 06:17:09,060 - Knowledge - INFO - ==================================================
2025-12-29 06:17:09,218 - Knowledge - INFO - KNOWLEDGE GRAPH GENERATION PERFORMANCE SUMMARY
2025-12-29 06:17:09,407 - Knowledge - INFO - ==================================================
2025-12-29 06:17:09,569 - Knowledge - INFO - Total processing time: 93.28 seconds (1.55 minutes)
2025-12-29 06:17:09,788 - Knowledge - INFO - Files processed: 0
2025-12-29 06:17:09,949 - Knowledge - INFO - Processing rate: 0.00 files/second
2025-12-29 06:17:10,148 - Knowledge - INFO - 
[TIME_BREAKDOWN]
2025-12-29 06:17:10,352 - Knowledge - INFO - File Reading: 0.00s (0.0%)
2025-12-29 06:17:10,532 - Knowledge - INFO - LLM Processing: 339.29s (363.7%)
2025-12-29 06:17:10,725 - Knowledge - INFO - MongoDB Operations: 0.00s (0.0%)
2025-12-29 06:17:10,907 - Knowledge - INFO - Redis Operations: 0.00s (0.0%)
2025-12-29 06:17:11,089 - Knowledge - INFO - WebSocket Communication: 26.48s (28.4%)
2025-12-29 06:17:11,290 - Knowledge - INFO - 
[LLM_STATS]
2025-12-29 06:17:11,433 - Knowledge - INFO - Total LLM calls: 29
2025-12-29 06:17:11,611 - Knowledge - INFO - Average LLM response time: 11700ms
2025-12-29 06:17:11,794 - Knowledge - INFO - Average prompt tokens: 3734.1
2025-12-29 06:17:11,978 - Knowledge - INFO - Average completion tokens: 386.6
2025-12-29 06:17:12,152 - Knowledge - INFO - Total prompt tokens: 108290
2025-12-29 06:17:12,321 - Knowledge - INFO - Total completion tokens: 11210
2025-12-29 06:17:12,474 - Knowledge - INFO - Total LLM cost: $0.0153
2025-12-29 06:17:12,656 - Knowledge - INFO - 
[DATABASE_STATS]
2025-12-29 06:17:12,828 - Knowledge - INFO - MongoDB operations: 0
2025-12-29 06:17:13,000 - Knowledge - INFO - Redis operations: 0
2025-12-29 06:17:13,184 - Knowledge - INFO - 
[COMMUNICATION_STATS]
2025-12-29 06:17:13,366 - Knowledge - INFO - WebSocket messages sent: 19
2025-12-29 06:17:13,526 - Knowledge - INFO - Average message size: 139.3 bytes
2025-12-29 06:17:13,705 - Knowledge - INFO - 
[WORKER_STATS]
2025-12-29 06:17:13,909 - Knowledge - INFO - 
[FILE_TYPE_STATS]
2025-12-29 06:17:14,102 - Knowledge - INFO - 
[SLOWEST_FILES]
2025-12-29 06:17:14,276 - Knowledge - INFO - ==================================================
2025-12-29 06:17:14,483 - Knowledge - INFO - ==================================================
2025-12-29 06:17:14,690 - Knowledge - INFO - KNOWLEDGE GRAPH GENERATION PERFORMANCE SUMMARY
2025-12-29 06:17:14,878 - Knowledge - INFO - ==================================================
2025-12-29 06:17:15,056 - Knowledge - INFO - Total processing time: 98.76 seconds (1.65 minutes)
2025-12-29 06:17:15,247 - Knowledge - INFO - Files processed: 178 of 178
2025-12-29 06:17:15,458 - Knowledge - INFO - Processing rate: 1.80 files/second
2025-12-29 06:17:15,630 - Knowledge - INFO - WebSocket messages sent: 10
2025-12-29 06:17:15,823 - Knowledge - INFO - MongoDB operations: 178
2025-12-29 06:17:15,964 - Knowledge - INFO - Average MongoDB ops per file: 1.00
2025-12-29 06:17:16,167 - Knowledge - INFO - LLM costs: $0.0153
2025-12-29 06:17:16,389 - Knowledge - INFO - Prompt tokens: 108290
2025-12-29 06:17:16,556 - Knowledge - INFO - Completion tokens: 11210
2025-12-29 06:17:16,715 - Knowledge - INFO - Updating org costs, total cost: 0.015312999999999998
2025-12-29 06:17:17,859 - Knowledge - INFO - [WEBSOCKET] Sent: Type=progress_update, Size: 268, Duration: 0ms
2025-12-29 06:17:18,039 - Knowledge - INFO - Saving knowledge to Redis...
2025-12-29 06:17:18,327 - Knowledge - INFO - Knowledge saved to Redis successfully
